page	form_1937	form_1986	form1986_id	schmidt_form	nothofer_form	homonym_id_1937	crossref_1937	variant_1937	remark_1937	variant_1986	crossref_1986	remark_1986	remark_overall
46	eˀā	ˀɛˈaː	1	ˀɛˈaː									
46	eˀā udaha͜uhu	ˀɛadaˈah, ɛad̥aˈˀah; Nː ɛadaãh	1	ˀɛadaˈah , ɛad̥aˈˀah	ɛadaãh							? durchgestrichen	
46	eˀā ukaˀa	ea͜uˈkaˀ, ea͜oˈkaˀ; Nː ɛa͜ukaˀ	1	ea͜uˈkaˀ , ea͜oˈkaˀ	ɛa͜ukaˀ								
46	eˀā ukaˀa	ea͜ukaˈˀaˀ; Nː ɛa͜ukaˀaˀ	2	ea͜ukaˈˀaˀ	ɛa͜ukaˀaˀ								
46	eˀā ukĩˀĩ	eã͜ũˈkĩˀ, ea͜oˈkĩˀ; Nː ɛã͜ũkĩˀ	1	eã͜ũˈkĩˀ , ea͜oˈkĩˀ	ɛã͜ũkĩˀ								
46	eˀā ukĩˀĩ	eã͜ũkĩˈˀãˀ; Nː eã͜ũkĩˀãˀ	2	eã͜ũkĩˈˀãˀ	eã͜ũkĩˀãˀ							eǃ	
46	eˀā upō	yaˀˈpɔ, eaˀˈpɔ, yaˀˈpɔː; Nː eapɔ	1	yaˀˈpɔ , eaˀˈpɔ , yaˀˈpɔː	eapɔ								
46	eˀā ūdu	ˀɛaˈur (?), yaˈur, eaˈur, ɛaˈur	1	ˀɛaˈur (?) , yaˈur , eaˈur , ɛaˈur									
46	ki·kokóiya eˀā	kɔkɔˈˀyaː, kɔkɔˈ?ɛaː, kɔkɔ?ɛˈaː	1	kɔkɔˈˀyaː , kɔkɔˈ?ɛaː , kɔkɔ?ɛˈaː									
46	ki·ˀãˀãkõ	kĩːˈˀʸãk	1	kĩːˈˀʸãk									
46	ki·ˀãˀãkõ	(ˀiˀyãkha͜i)	2	(ˀiˀyãkha͜i)									
46	aba͜i kaha͜iˀi	ˀabaykaˈha͜eˀ, ˀabayxaˈhae?	1	ˀabaykaˈha͜eˀ , ˀabayxaˈhae?					9			BVǃ 7	
46	e[ˀ]abeha	ˀaˈbɛh	1	ˀaˈbɛh									
46	abəha	ˀaˈbəh	1	ˀaˈbəh									
47	k·adi	kar	1	kar									
47	k·adi	(ˀarha͜i)	2	(ˀarha͜i)									
47	eae	(eˈaː, ˀɛa, eaᵉ (?)	1	(eˈaː , ˀɛa , eaᵉ (?)									
47	eae	eaɛˀ, ˀɛaˀ)	2	eaɛˀ , ˀɛaˀ)									
47	euba uae	ː yubwa	1	ː yubwa									
47	epũˀũ uae	puˀea	1	puˀea									
47	emĩnũ uae	mindɛ̃ã, ˈmĩn·dẽãː)	1	mindɛ̃ã , ˈmĩn·dẽãː)									
47	eaea	yai, ˈyaːi, iˈaːi	1	yai , ˈyaːi , iˈaːi									
47	k·aha͜e	uː ka·ha͜i, ˀuː ka·ha͜i, ˀuːhɔˈbah, ˀukah	1	uː ka·ha͜i , ˀuː ka·ha͜i , ˀuːhɔˈbah , ˀukah									
47	eãh[ã͜]ĩ	kaˈçiˀ	1	kaˈçiˀ									
47	k·aˀia͜e	ˀaˀiˈaː; Nː kaˀia, kaˀya	1	ˀaˀiˈaː	kaˀia , kaˀya								
47	k·aˀia͜e	ˀaˀiˈaha͜i; Nː aˀia (!), aˀiahai, aˀyahai	2	ˀaˀiˈaha͜i	aˀia (!) , aˀiahai , aˀyahai								
47	ã͜ĩˀĩõ	ˀaˈˀiː	1	ˀaˈˀiː									
47	ˀã͜ĩñã	kaˈˀã͜ĩ, pãˈˀã͜ĩ, (pãˀã͜ĩhai, aˀã͜ĩhai)	1	kaˈˀã͜ĩ , pãˈˀã͜ĩ , (pãˀã͜ĩhai , aˀã͜ĩhai)								N dito	
47	k·aˀioˀo͜i	a͜eˈɔ, a͜eɔˈˀɔˀ, ˀayɔˈˀɔ , aɛyɔˈˀɔ, ayɛˈˀɔ, ˀayɔˈˀɔ; Nː aˀyɔˀɔ	1	a͜eˈɔ , a͜eɔˈˀɔˀ , ˀayɔˈˀɔ  , aɛyɔˈˀɔ , ayɛˈˀɔ , ˀayɔˈˀɔ	aˀyɔˀɔ								
47	k·aˀioˀo͜i	aeɔˀɔ, aˀiɔˀɔ, ˀaɛyɔˀɔ, kayɛˀɔ	2	aeɔˀɔ , aˀiɔˀɔ , ˀaɛyɔˀɔ , kayɛˀɔ									
47	k·aˀioˀo͜i	ˀayɔˈˀɔha͜i; Nː ayɛˀoha͜i, aɛyɔˀɔˀha͜i	3	ˀayɔˈˀɔha͜i	ayɛˀoha͜i , aɛyɔˀɔˀha͜i								
47	e·aiya	iˈyai	1	iˈyai									
47	e·ˀa͜iyo	ˀeˈae, ˀɛˈai; Nː ˀɛa͜ɛ, eae	1	ˀeˈae , ˀɛˈai	ˀɛa͜ɛ , eae								
47	e·ˀa͜iyo	eaewɨh	2	eaewɨh									
47	eiˀo uˀa͜iyo	yiˀ ˀeˈae	1	yiˀ ˀeˈae									
47	eãkã	(eãk, ˀẽãk)	1	(eãk , ˀẽãk)									
47	ˀakiakina	ˀakiˀaˈkiːn	1	ˀakiˀaˈkiːn					6				
47	6+3	(ˀa)kiˀakĩnhɛˀaˈkər	1	(ˀa)kiˀakĩnhɛˀaˈkər								9	
47	ˀakoru	ˀaˈkər, ˀaˈkœr, ˈakər	1	ˀaˈkər , ˀaˈkœr , ˈakər									
47	e[ˀ]amē̃	ˀaˈmɛ̃	1	ˀaˈmɛ̃								N: e O!	
47	kipah·amĩ́ãˀã	kipahmiˈaˀ	1	kipahmiˈaˀ								N dito + pahmiaʔha͜i	
47	kaha·ˀamī̃	(kahˀami)	1	(kahˀami)									
47	eˀãmĩ	(ãm, kahˀɛ̃ãm, ãmhai)	1	(ãm , kahˀɛ̃ãm , ãmhai)									
47	eˀãmĩˀãmĩ	eãmĩˈãm; Nː ˀɛãmiãm	1	eãmĩˈãm	ˀɛãmiãm								
47	eˀãmĩˀãmĩ	eãmĩãˈmĩˀ; Nː ˀɛãmiãmiˀ	2	eãmĩãˈmĩˀ	ˀɛãmiãmiˀ								
47	ki·ˀanaka	kaˀˈnak	1	kaˀˈnak									
47	ˀamũhõ	ˀaˈmuh, ˀaˈmũh, paˀaˈmũh	1	ˀaˈmuh , ˀaˈmũh , paˀaˈmũh									
47	k·anĩˀã	kaˈnih, kaˈniç (ˀ); Nː kaˈniˀ	1	kaˈnih , kaˈniç (ˀ)	kaˈniˀ								
47	eˀanĩmãõ	ˀaniˈmaː, ˀãnĩˈmãː; Nː animaː	1	ˀaniˈmaː , ˀãnĩˈmãː	animaː								
47	anõ	ˀãn	1	ˀãn									
47	anõ	ãnœˀ, ˀaˈnœˀ, ˀaˈnaˀ, ˀaˈnœ̃ˀ; Nː ãnəˀ, ˀãnəˀ	2	ãnœˀ , ˀaˈnœˀ , ˀaˈnaˀ , ˀaˈnœ̃ˀ	ãnəˀ , ˀãnəˀ								
48	ka·ˀao	kaˈˀaː, ˀaˈˀaː	1	kaˈˀaː , ˀaˈˀaː									
48	ka·ˀao	(aˀaha͜i)	2	(aˀaha͜i)									
48	kaˀaˈˀã͜õã	kãˈˀã͜õ; yəˀ Nː kaˀã͜õ, kaã͜õ, kaˀã͜ũ; kaˀə̃ˀ	1	kãˈˀã͜õ ; yəˀ	kaˀã͜õ , kaã͜õ , kaˀã͜ũ ; kaˀə̃ˀ								
48	ˀá·opa	ˈaɔp̚	1	ˈaɔp̚								is that a superscript number 1?	
48	ˀaopa hĩ ˀaopa	ˈapaˀyɔp, ˈapayɔp; Nː apa[ˀ]yɔp	1	ˈapaˀyɔp , ˈapayɔp	apa[ˀ]yɔp								
48	ka·ˀãpã	ˀɛ̃ˈap; Nː ẽãp	1	ˀɛ̃ˈap	ẽãp								
48	e apaua	pa͜u	1	pa͜u									
48	eˀapo	ˀɛˈap, ɛˈap; Nː eap	1	ˀɛˈap , ɛˈap	eap								
48	eˀapo	(apɨˀ, apœˀ)	2	(apɨˀ , apœˀ)									
48	ekada uˀapo	káraˀɛˈap, kraˀɛˈap; Nː karaˀyap	1	káraˀɛˈap , kraˀɛˈap	karaˀyap								
48	ekada uˀapo	(krapɨˀ)	2	(krapɨˀ)									
48	emĩnã uˀapo	(minˀeap)	1	(minˀeap)									
48	Puls	mĩˀˈyap	1	mĩˀˈyap									
48	eãpũ	(yãp)	1	(yãp)									
48	eapũˀũ	aˈpũ, ˀaˈpũˀ; Nː ãpũˀ	1	aˈpũ , ˀaˈpũˀ	ãpũˀ								
48	eapũˀũ	(ãˈpũˀwə, apũˈˀaˀ, apũˈˀũˀ)	2	(ãˈpũˀwə , apũˈˀaˀ , apũˈˀũˀ)									
48	eapũˀũ ubō	ˀaˈpũ bœ	1	ˀaˈpũ bœ									
48	eapũˀũ°sawah	ˀaˈpũˀ°taˈwah	1	ˀaˈpũˀ°taˈwah									is sawah or tawah part of the form?
48	eara	eˈyar	1	eˈyar									
48	eara	yaˈraˀ, ɛaˈraˀ	2	yaˈraˀ , ɛaˈraˀ									
48	eara ukixo	ruˈkih, ruˈkik, ruˈkiˀ	1	ruˈkih , ruˈkik , ruˈkiˀ									
48	eara °ukarawae	ˀɛrkraˈwaː	1	ˀɛrkraˈwaː									
48	ˀariba	aˈriːb̚	1	aˈriːb̚									
48	ˀarua	ˈaruː	1	ˈaruː								?	
48	kedua kali	kaˀaˈruː hiˈnuː	1	kaˀaˈruː hiˈnuː									
48	eaˀa͜u	yaˈˀaː, ɛaˈˀaː	1	yaˈˀaː , ɛaˈˀaː									
48	ekaˀa uaˀa͜u	kaˀɛˈˀa, kaˀeˈˀaː, kaˀeaˈˀaː; Nː kaˀeˀaˀaː	1	kaˀɛˈˀa , kaˀeˈˀaː , kaˀeaˈˀaː	kaˀeˀaˀaː								
48	eˀauaˀa	kaˈrah aˈwaˀ	1	kaˈrah aˈwaˀ				epiai					
48	auaha	ˀawah	1	ˀawah									
48	ebaˀadito	baˀˈdit̚	1	baˀˈdit̚									
48	ebaˀa͜ue	baˈˀa͜u	1	baˈˀa͜u									
48	baha͜eba	baˈha͜ib̚	1	baˈha͜ib̚									
48	kemaren dulu	baˈha͜ib̚ mɔ̃h kəˈhəd	1	baˈha͜ib̚ mɔ̃h kəˈhəd									
48	ebáha͜u	bah	1	bah									
48	ebáha͜u	baˈhaˀ	2	baˈhaˀ									
48	bai	bahbaˀt̊akɔˈraː	1	bahbaˀt̊akɔˈraː									
48	ebaka	m͜bak, bak	1	m͜bak , bak		1							
48	ebaka	m͜baˈkaˀ, baˈkaˀ	2	m͜baˈkaˀ , baˈkaˀ		1							
48	ka·baka	baˈbak; Nː abak	1	baˈbak	abak								
48	ka·baka	abakhai	2	abakhai									
49	eheda ubakaˀa͜u	hɛrbaˈkaˀ	1	hɛrbaˈkaˀ									
49	ekai ubaka	kaːbaˈkab	1	kaːbaˈkab									
49	goyang matanya	hœˈna baˀ	1	hœˈna baˀ									
49	goyang matanya	kipakahˈrɛ bahrikahˈba	2	kipakahˈrɛ bahrikahˈba									
49	kacamata	°kɔrmi·ˈbak	1	°kɔrmi·ˈbak									
49	ebē ubaka	bɛːˈbak - beːˈbak	1	bɛːˈbak - beːˈbak									
49	ebaka ukoko	baˈkɔk	1	baˈkɔk									
49	ebaka ukoko	bakɔˈkɔˀ	2	bakɔˈkɔˀ									
49	eakaruba	bakaˈrub	1	bakaˈrub									
49	ebaka ukahaˀo	bakaˈhaˀ, bakˈhaˀ	1	bakaˈhaˀ , bakˈhaˀ									
49	ebaka ubō	bakˈbœ, bakˈbəː	1	bakˈbœ , bakˈbəː									
49	ki·baka	kiˈbak	1	kiˈbak		2							
49	ebao	ebaː, baː	1	ebaː , baː									
49	ebē		1				vgl. ebō						
49	ebē uito	bɛːˈyid, bɛˈyit	1	bɛːˈyid , bɛˈyit									
49	air gulai	bɛkuˈra͜i, bœkuˈra͜i	1	bɛkuˈra͜i , bœkuˈra͜i									
49	air kencing	bɛˈyik	1	bɛˈyik									
49	air mata	bɛːˈbak, beːˈbak	1	bɛːˈbak , beːˈbak									
49	mata air	bakˈbəː	1	bakˈbəː					< ebō ?				
49	ebedoa	bɛˈrɔː	1	bɛˈrɔː									
49	ka·beho	kaˈbɛh; Nː kabəh, kabɛh	1	kaˈbɛh	kabəh , kabɛh								
49	ka·beho	abəh , ˀabɛxha͜i	2	abəh  , ˀabɛxha͜i									
49	ebeo	bɛː; Nː be	1	bɛː	be								
49	ebeo	bewɨh	2	bewɨh									
49	bəhaː kipa·bəha	kipahˈbəh	1	kipahˈbəh									
49	bəhaː kipa·bəha	paˈbəxa͜i; Nː pabəhhai	2	paˈbəxa͜i	pabəhhai								
49	ka·bəha	ka[ˀ]ˈbəh	1	ka[ˀ]ˈbəh									
49	epahabəhə́aha	pahˈbɨah, pahbɨˈah	1	pahˈbɨah , pahbɨˈah									
49	ebixu	bih, bix	1	bih , bix									
49	ebō	bœ, bəː	1	bœ , bəː									
49	air tawar	bœː kanaˀˈnaː	1	bœː kanaˀˈnaː									
49	air jernih	bœ məkaˈnik, bœ kaˈnik	1	bœ məkaˈnik , bœ kaˈnik									
49	air dalam	bœ kaˀˈnuˀ	1	bœ kaˀˈnuˀ									
49	hujan panas	bœ kaˀbaˈriː	1	bœ kaˀbaˈriː									
49	air mata	beːˈbak, bɛːˈbak	2	beːˈbak , bɛːˈbak					< ebe ?				
49	air gulai	bɛ°kuˈra͜i, bœ°kuˈra͜i	2	bɛ°kuˈra͜i , bœ°kuˈra͜i									
49	banjir	bœkaˀˈdoer; Nː bə kaˀdər	1	bœkaˀˈdoer	bə kaˀdər								
50	ular air	ˀaˈpũ bœ	1	ˀaˈpũ bœ									
50	yumbang air	pahkuˀˈbœː	1	pahkuˀˈbœː									
50	penimba air	yœˀœˈbœː	1	yœˀœˈbœː									
50	terjun ke air	tɔˈbaˀ hɛˈbœ	1	tɔˈbaˀ hɛˈbœ									
50	ebaka ubō	bakˈbəː, bakˈbœ	1	bakˈbəː , bakˈbœ									
50	tidak ada air	kiabkiˈbœː	1	kiabkiˈbœː									
50	ebobo	bɔb	1	bɔb									
50	ebohe	bɔh	1	bɔh									
50	(pohoi) ka·bohoi[y]aˀa	kabœˈhʸaˀ, kabœxiˈaˀ; Nː kabəhˈyaˀ	1	kabœˈhʸaˀ , kabœxiˈaˀ	kabəhˈyaˀ								
50	ki·buho	kiˈbuh	1	kiˈbuh									
50	ka·buobuo	kabuˈbuː	1	kabuˈbuː									
50	kipa·buo	pahˈbuˀ	1	pahˈbuˀ									
50	kipa·buo	(Nː pɛyabubuhai)	2		(pɛyabubuhai)								
50	buodo	buˈœr, buˈər, bʷər; Nː buər	1	buˈœr , buˈər , bʷər	buər								
50	edaba	daˈbak	1	daˈbak									
50	daduː ka[ˀa]·dadu	kaˀˈdar	1	kaˀˈdar									
50	dadəaha	dadɨˈah, dadœ͜ɨh	1	dadɨˈah , dadœ͜ɨh				dadóaha					
50	edahá͜iyo	daˈha͜i	1	daˈha͜i									
50	edahá͜uhu	daˈah	1	daˈah									
50	eˀā udaha͜uhu	ˀɛadaˈah, ɛaḍaˈˀah; Nː ɛadaãh	1	ˀɛadaˈah , ɛaḍaˈˀah	ɛadaãh								
50	kaˀa·dahəa͜i	kaˀrəˈçaː	1	kaˀrəˈçaː									
50	dakoˀa͜ixa	kɔˈˀa͜eç, kɔˈˀaç	1	kɔˈˀa͜eç , kɔˈˀaç									
50	ki·dapu	ki·dap	1	ki·dap									
50	ki·dapu	(daphai)	2	(daphai)									
50	edeˀa	dɛˀ	1	dɛˀ									
50	ka·deda	kaˈrɛr, kiˈpɔˀ	1	kaˈrɛr , kiˈpɔˀ									
50	ka·dede	kaˈrɛr; Nː karer, karɛr	1	kaˈrɛr	karer , karɛr								
50	ka·dede	(ˀarɛr, ˀarɛrhai)	2	(ˀarɛr , ˀarɛrhai)									
50	dəhəda	dœˈhœd; Nː dəhəd	1	dœˈhœd	dəhəd								
50	dəhəda	(dəhədha͜i)	2	(dəhədha͜i)									
50	kipa·dəpaˀa	Nː kiparɔpaˀ	1		kiparɔpaˀ								
50	kipa·dəpaˀa	parɔpaˀhai	2	parɔpaˀhai									
50	ki·didika	kidiˈdik	1	kidiˈdik									
50	dixia	dih	1	dih									
50	edixo		1										
50	edio	eˈḍiː	1	eˈḍiː									
50	edio	ḍiˈɔˀ	2	ḍiˈɔˀ									
50	idō uˀiaha	dəˈha͜i; Nː dəha͜i, dœha͜i	1	dəˈha͜i	dəha͜i , dœha͜i								
50	edobu	dœb̚, dəb	1	dœb̚ , dəb									
50	ki·didio	kidiˈdiː	1	kidiˈdiː									
50	edoaba	dɔˈab	1	dɔˈab									
51	kipaˀa·dodi	kaˀˈdœr, bœkaˀ; Nː bəkaˀdər, dœr	1	kaˀˈdœr , bœkaˀ	bəkaˀdər , dœr								
51	k[aˀ]i·dodo	dœr, kiˈdœr; Nː kaˀidər	1	dœr , kiˈdœr	kaˀidər								
51	k[aˀ]i·dodo	(dərha͜i)	2	(dərha͜i)									
51	edohəáo	dɔˈçaː; Nː dɔha	1	dɔˈçaː	dɔha								
51	e[ˀa]·doho	ˀaˈrəç, ˀaˈrœç, ˈˀarəh, ˀaˈrœx; Nː arəç, ˀarəç	1	ˀaˈrəç , ˀaˈrœç , ˈˀarəh , ˀaˈrœx	arəç , ˀarəç								
51	dohói	kidəˈhœ, dəˈhəː, dœˈhœ, dœˈçœ, dœˈhœr; Nː kidəhə	1	kidəˈhœ , dəˈhəː , dœˈhœ , dœˈçœ , dœˈhœr	kidəhə								
51	edoˀorao	dɔˀˈraː	1	dɔˀˈraː									
51	edopo	dɔp, dɔb	1	dɔp , dɔb									
51	edudi	duːr	1	duːr				edode					
51	ki·duduki	Nː kahduduk	1		kahduduk								
51	ki·duduki	dudukhai	2	dudukhai									
51	eˀē	ˀɛː	1	ˀɛː									
51	pepekmu	ˀɛbu	1	ˀɛbu									
51	eˀea	Nː ɛ, ˀɛ, eyə	1		ɛ , ˀɛ , eyə								
51	eˀedako	Nː dak	1		dak								
51	k[ab]·edo	kuˈdɛː	1	kuˈdɛː					??				
51	kipa·ˀedoho	paˀɛˈrɔh, kahpaˀɛˈrɔh	1	paˀɛˈrɔh , kahpaˀɛˈrɔh									
51	kipa·ˀedoho	(paˀɛrɔhhai)	2	(paˀɛrɔhhai)									
51	eˀe	ˀɛˀɛˈaˀ, kahˀɛˈaˀ; Nː ɛˀɛaˀ, kahɛaˀ, kahˀɛaˀ kabahɛˀ	1	ˀɛˀɛˈaˀ , kahˀɛˈaˀ	ɛˀɛaˀ , kahɛaˀ , kahˀɛaˀ kabahɛˀ							kahʔɛaʔ kabahɛʔ 'asah pahat' (?)	
51	eˀe	ɛˀɛaˀhai pahɛˀhai	2	ɛˀɛaˀhai pahɛˀhai								ɛʔɛaʔhai pahɛʔhai 'asah pahat' (?)	
51	ki·ˀẽˀẽhẽ	kɛ̃ˈˀɛ̃k; Nː kɛ̃ˀɛ̃h, kɛ̃ɛ̃h	1	kɛ̃ˈˀɛ̃k	kɛ̃ˀɛ̃h , kɛ̃ɛ̃h								
51	ki·ˀẽˀẽhẽ	ɛ̃ˀɛ̃hha͜i	2	ɛ̃ˀɛ̃hha͜i									
51	kab·eˀe͜u	ˀaˈbɛˀ	1	ˀaˈbɛˀ									
51	kab·eˀe͜u	(abɛˀhai)	2	(abɛˀhai)									
51	ka·eheaˀaho͜i	Nː kahyɛaˀah,ˀaɛyaˀah	1		kahyɛaˀah,ˀaɛyaˀah								
51	ka·eheaˀaho͜i	aɛyaˀahhai	2	aɛyaˀahhai									
51	ẽkã	Nː ɛ̃k, kikɛ̃k	1		ɛ̃k , kikɛ̃k								
51	ẽkã	ɛ̃khai	2	ɛ̃khai									
51	kipa͜·eke	kipahˈpɛk	1	kipahˈpɛk									
51	kipa͜·eke	Nː ɛk	2		ɛk								
51	kipa͜·eke	ɛkhai	3	ɛkhai									
51	memandikan	kipahpɛk, pahpɛk, pahbɛk	1	kipahpɛk , pahpɛk , pahbɛk									
51	memandikan-lah	paɛkhai	1	paɛkhai					??				
51	eˀekoa	eˈkɔː; Nː yɛˈkɔ	1	eˈkɔː	yɛˈkɔ								
51	epẽã uˀekoa	pɛ̃ˈkɔ	1	pɛ̃ˈkɔ									
51	ki·ˀekuˀa	kɛˀˈkuˀ	1	kɛˀˈkuˀ									
51	eẽnã	Nː yɛ̃n	1		yɛ̃n								
51	menyisiki	Nː kahɛnah, kahˀɛnah, ˀɛnah	1		kahɛnah , kahˀɛnah , ˀɛnah								
51	menyisiki	ɛnaxhai	2	ɛnaxhai									
51	k[i]·enãnĩ	Nː kaçɛˈnan, kahɛˈnan, ˀɛnan	1		kaçɛˈnan , kahɛˈnan , ˀɛnan								
51	k[i]·enãnĩ	ɛnanhai	2	ɛnanhai									
52	k·eo	kɛː, (kei ?)	1	kɛː , (kei ?)									
52	k·eo	(ɛhai)	2	(ɛhai)									
52	ka·eō	Nː kayɔ̃	1		kayɔ̃								
52	kaˀã·ẽõ	kaˀɛ̃	1	kaˀɛ̃									
52	k·eˀo	ɛˀ, ˀɛˀ, kaˈhɛˀ	1	ɛˀ , ˀɛˀ , kaˈhɛˀ				kah·eˀoa					
52	saya ..	ˀuˈkɛˀ	1	ˀuˈkɛˀ									
52	-lah	ˈˀɛˀha͜i, aˈhɛˀha͜i; Nː ɛˀhai	1	ˈˀɛˀha͜i , aˈhɛˀha͜i	ɛˀhai				??				
52	eˀeoa	ˀɛ̃ˈɔ̃ː, ˀɛˈɔ̃; Nː ˀɛ̃ɔ̃, ẽɔ̃ː	1	ˀɛ̃ˈɔ̃ː , ˀɛˈɔ̃	ˀɛ̃ɔ̃ , ẽɔ̃ː								
52	ˀẽpã	Nː ɛ̃apɛ̃ap	1		ɛ̃apɛ̃ap								
52	ˀẽpã	ẽãpẽˈãpẽˀ	2	ẽãpẽˈãpẽˀ									
52	eˀẽpẽ	ɛ̃ˈpɛ̃k, ˀɛ̃ˈpɛ̃k; Nː ˀɛ̃pɛ̃k	1	ɛ̃ˈpɛ̃k , ˀɛ̃ˈpɛ̃k	ˀɛ̃pɛ̃k								
52	ki·ˀə́aˀa	Nː kahɨaˀ	1		kahɨaˀ								
52	k·əadi·xi	ˀəˈdih, ˀəˈdix (ich-Laut); ˀəˈdixhai	1	ˀəˈdih , ˀəˈdix (ich-Laut) ; ˀəˈdixhai									
52	k·əda	kɨd, kɨːd, kəd	1	kɨd , kɨːd , kəd									
52	k·əda	Nː ɨdha͜i	2		ɨdha͜i								
52	kidipa͜·əda	kidiˈpɨd	1	kidiˈpɨd									
52	ka·ˀədəhəa	kɨˀɨˈdɨh, kiˀɨˈdɨh, kɨˀˈdɨh, kɨˀəˈdɨh	1	kɨˀɨˈdɨh , kiˀɨˈdɨh , kɨˀˈdɨh , kɨˀəˈdɨh									
52	ˀə̃h[ə̃]a	yəh; Nː ˀiĩh, ˀiɨh	1	yəh	ˀiĩh , ˀiɨh								
52	kedinginan	yəhˈyəˀ, yəˀˈyə; Nː ˀiĩhyəˀ, ˀiyɨhyəˀ, ˀiyœhyœˀ	1	yəhˈyəˀ , yəˀˈyə	ˀiĩhyəˀ , ˀiyɨhyəˀ , ˀiyœhyœˀ								
52	ˀəkaha͜i	kɨˀˈkah; Nː kɨˀkah, kikəkah	1	kɨˀˈkah	kɨˀkah , kikəkah								
52	ˀəkaha͜i	ˀəkah, ɨˀkahha͜i	2	ˀəkah , ɨˀkahha͜i									
52	ka·hado	ˀaˈhar, kaˈhar	1	ˀaˈhar , kaˈhar									
52	ka·hado	(ˀaharhai)	2	(ˀaharhai)									
52	ka·haˀe	kaˈhɛˀ	1	kaˈhɛˀ									
52	ka·haˀe	aˈhɛˀha͜i	2	aˈhɛˀha͜i									
52	hãhãmõ	kaˈham, kaˈhãm, yaˈˀãm (?); Nː kaˈçam	1	kaˈham , kaˈhãm , yaˈˀãm (?)	kaˈçam								
52	hãhãmõ	ãhãmhai, açamhai	2	ãhãmhai , açamhai									
52	hãhõ	kãˈãh, kaˈhãh, kaˈhã; Nː kãˈˀãh, kaˀhãh, kahãh	1	kãˈãh , kaˈhãh , kaˈhã	kãˈˀãh , kaˀhãh , kahãh								
52	hãhõ	ahãhai	2	ahãhai									
52	kapa·kẽmãhãhõ	Nː pakahãh	1		pakahãh								
52	kapa·kẽmãhãhõ	pakɛmããh	2	pakɛmããh									
52	kapa·kẽmãhãhõ	pakɛmahãhai	3	pakɛmahãhai									
52	hãĩ	hã	1	hã									
52	ehãnũˀũãː epuku uhãnũˀũã	pukhãˈnũˀ, puˀhaˈnuˀ; Nː pũkhãnũˀ, pũxãnũˀ	1	pukhãˈnũˀ , puˀhaˈnuˀ	pũkhãnũˀ , pũxãnũˀ								
52	ehãnũˀũãː epuku uhãnũˀũã	pukhãnˈwãˀ, pukhãnũˈˀũˀ, pũxãnwãˀ	2	pukhãnˈwãˀ , pukhãnũˈˀũˀ , pũxãnwãˀ									
52	ehapəˀa	haˈpɨˀ	1	haˈpɨˀ									
52	ka·hãpĩ	kãˈhãp, kãˈhap, kaˈha͜i (?), kaˈhap; Nː kahãp, kãhãp	1	kãˈhãp , kãˈhap , kaˈha͜i (?) , kaˈhap	kahãp , kãhãp								
52	ka·hãpĩ	ahãp	2	ahãp									
52	tidak mau	kɛˈhap	1	kɛˈhap									
53	ehedia	hɛˈriː	1	hɛˈriː									
53	pantai laut	hɛriˈˀyɔk	1	hɛriˈˀyɔk									
53	kipaka·harē	kipakạhˈrɛ, pakạhˈrɛ, kabakạhˈrɛː, kipạhˈrɛ	1	kipakạhˈrɛ , pakạhˈrɛ , kabakạhˈrɛː , kipạhˈrɛ									
53	kipaka·harē	(kahrɛhai)	2	(kahrɛhai)									
53	eharua	haˈruː, haˈruˀ (?); Nː haru	1	haˈruː , haˈruˀ (?)	haru								
53	punya kamu	haˈrub	1	haˈrub									
53	punya saya	haˈruˀ	1	haˈruˀ									
53	untuk	Nː kiharu	1		kiharu								
53	ka·hau	kaˈhaː	1	kaˈhaː		4							
53	ki·xau	Nː kahna͜u	1		kahna͜u	1							
53	ki·xau	hauha͜i	2	hauha͜i		1							
53	ka·hãũ	kahũ	1	kahũ									
53	kipa·ha͜ua	kipaˈha͜u, paˈha͜u; kipaˈhɔ͜u, kipaˈhuː; Nː kipaha͜u, paha͜u	1	kipaˈha͜u , paˈha͜u ; kipaˈhɔ͜u , kipaˈhuː	kipaha͜u , paha͜u								
53	ka[mã]·hẽãˀã	ˀaˈhɛ̃; Nː kahnɛ̃, ˀahɛ̃	1	ˀaˈhɛ̃	kahnɛ̃ , ˀahɛ̃								
53	ka[mã]·hẽãˀã	ahɛ̃ha͜i	2	ahɛ̃ha͜i									
53	ehẽã	hɛ̃ː	1	hɛ̃ː									
53	ka·heaˀaho͜i	kahɛaˈˀah	1	kahɛaˈˀah									
53	kipa·heaki	kipahɛˈak	1	kipahɛˈak									
53	eheda	hɛr	1	hɛr									
53	daging saya	Nː hɛraˀ	1		hɛraˀ								
53	daging saya	Nː hɛrwə	2		hɛrwə								
53	eheda ukitai	hɛrkiˈtaː	1	hɛrkiˈtaː									
53	daha saya	hɛrbaˈkaˀ	1	hɛrbaˈkaˀ									
53	kontol kamu	hɛrpuˈɛb	1	hɛrpuˈɛb									
53	tidak ada isi	kiabkiˈhɛr	1	kiabkiˈhɛr									
53	kaha·heˀeki ukuo	yɛˈˀɛk kuː; (eˀe, heheki dgl)	1	yɛˈˀɛk kuː ; (eˀe , heheki dgl)									
53	ki·xẽkũ	hɛ̃k	1	hɛ̃k									
53	ki·xẽkũ	(hɛ̃khai)	2	(hɛ̃khai)									
53	ka·henãpĩxĩ	kah͜ raˈpih	1	kah͜ raˈpih									
53	ka·henãpĩxĩ	(ˀarapihhai)	2	(ˀarapihhai)									
53	ki·xəa, həa	kiˈhɨ, kiˈçɨ, hɨː, çɨ	1	kiˈhɨ , kiˈçɨ , hɨː , çɨ									
53	ki·xəa, həa	(çɨhai, hɨha͜i)	2	(çɨhai , hɨha͜i)									
53	həadiː kahanə̃ãnĩ	kahnɨˈan; Nː kahnɨan, kahnɨ̃ãn	1	kahnɨˈan	kahnɨan , kahnɨ̃ãn								
53	həadiː kahanə̃ãnĩ	hɨan, hɨanhai	2	hɨan , hɨanhai									
53	eəhəadi	yœ̃ˈhãn; Nː yɨ̃hãn	1	yœ̃ˈhãn	yɨ̃hãn								
53	həkaː kahanə̃kã	kahˈnɨ̃k; Nː kahnə̃k, kahnək	1	kahˈnɨ̃k	kahnə̃k , kahnək								
53	kaha͜eka	kaˈhək, kaˈhœk; Nː hœk, kahək	1	kaˈhək , kaˈhœk	hœk , kahək								
53	kaha͜eka	ˀahək, ahəkhai, həkhai, hə̃khai	2	ˀahək , ahəkhai , həkhai , hə̃khai									
53	ki·xəka·háˀa (?)	Nː kahəkaˀ	1		kahəkaˀ								
53	ki·xəka·háˀa (?)	ˀahəkaˀ	2	ˀahəkaˀ									
53	hī	hɛ	1	hɛ									
53	ka·hiabi	hɛˈab	1	hɛˈab									
54	ehõãnĩ	hʷãn, hɔ̃ˈãn	1	hʷãn , hɔ̃ˈãn									
54	ki·xĩãmã	kĩˈçãm, kiçiˈam, kihiˈam; Nː kiˈçam	1	kĩˈçãm , kiçiˈam , kihiˈam	kiˈçam								
54	ki·xĩãmã	içam, içamha͜i	2	içam , içamha͜i									
54	hinũã	hiˈnuː, həˈnuː	1	hiˈnuː , həˈnuː									
54	hinũ[ˀĩ]ki	nũˈˀĩk; kiki ?	1	nũˈˀĩk ; kiki ?								auch ʔĩʔ	
54	ki·xĩõnĩ	hiˈɔn; Nː hĩˈɔ̃n, kahniɔ̃n	1	hiˈɔn	hĩˈɔ̃n , kahniɔ̃n								
54	ki·xĩõnĩ	hĩɔ̃nhai, hiɔ̃nhai	2	hĩɔ̃nhai , hiɔ̃nhai									
54	ka·h[ã͜]ĩpã	hiˈɔb, yɔb	1	hiˈɔb , yɔb					??				
54	ka·hiu	Nː kahi	1		kahi								
54	ka·hiu	ˀahiha͜i	2	ˀahiha͜i									
54	hō	hɔː, hɔ, hɔb	1	hɔː , hɔ , hɔb									
54	ehō	hɔ	1	hɔ									
54	ehō ukuo	hɔˀˈkuː	1	hɔˀˈkuː									
54	ekoyo uhō ukuo	Nː kɔy hɔku	1		kɔy hɔku								
54	ixō	iˈhɔ	1	iˈhɔ									
54	ixō ūba	ihɔˈyup	1	ihɔˈyup									
54	ehóaˀa͜i	hɔˈaˀ	1	hɔˈaˀ									
54	ki·xodiki	hœˈdik, kihœˈdik, çœˈdik; Nː xədik, hədik	1	hœˈdik , kihœˈdik , çœˈdik	xədik , hədik								
54	ki·xodiki	hœdikhai	2	hœdikhai									
54	ehodo	hiˈər, hiˈœr	1	hiˈər , hiˈœr									
54	ki·xohora	kɔˈhɔr; Nː kɔhɔr, kɔxɔr	1	kɔˈhɔr	kɔhɔr , kɔxɔr								
54	ki·xohora	ɔhɔrhai, ɔxɔrha͜i	2	ɔhɔrhai , ɔxɔrha͜i									
54	eohora	yɔˈhɔr	1	yɔˈhɔr									
54	ehõkã	hɛ̃ˈɔ̃k	1	hɛ̃ˈɔ̃k									
54	ehõkãˀã͜ũ	Nː hɛ̃ˈɔ̃kwɨˀ	1		hɛ̃ˈɔ̃kwɨˀ								
54	ehõkãĩ	hɔ̃ˈka͜im	1	hɔ̃ˈka͜im					kamu ?				
54	ehoku	hiˈək, hiˈyək, hiˈœk, hʸœk; Nː hiək	1	hiˈək , hiˈyək , hiˈœk , hʸœk	hiək	2							
54	honã	hɨn, hœ̃n; Nː hɨn	1	hɨn , hœ̃n	hɨn								
54	honã	hœ̃ˈnãˀ; hɨnaˀ	2	hœ̃ˈnãˀ ; hɨnaˀ									
54	kipaha͜onã	paˈhɨn; Nː paçɨ̃n, pahɨ̃n	1	paˈhɨn	paçɨ̃n , pahɨ̃n								
54	kipaha͜onã	paçɨ̃nha͜i, pahɨ̃nhai	2	paçɨ̃nha͜i , pahɨ̃nhai									
54	kipaha͜onãhãˀã͜[õ]	Nː paçɨ̃naˀ	1		paçɨ̃naˀ								
54	kipaha͜onãhãˀã͜[õ]	pahɨ̃naˀhai	2	pahɨ̃naˀhai									
54	ehopa	hɔp	1	hɔp									
54	hõpõˀõː eahõpõˀõ	haˈpœ̃ˀ, haˈpœˀ, haˈpɨ̃ˀ	1	haˈpœ̃ˀ , haˈpœˀ , haˈpɨ̃ˀ									
54	ki·xõpõˀõ	Nː kahapə̃ˀ, kahapœˀ	1		kahapə̃ˀ , kahapœˀ			kiõhõpõˀõ					
54	ki·xõpõˀõ	ahapə̃ˀ, ahapœhai	2	ahapə̃ˀ , ahapœhai				kiõhõpõˀõ					
54	ehũã	hũː	1	hũː									
54	ehũã	(hũãˀ)	2	(hũãˀ)									
54	ehuda	hiˈœd; Nː hiˈœd, hiɨd	1	hiˈœd	hiˈœd , hiɨd								
54	ehukəˀa	hɨˈkɨˀ, həˈkəˀ	1	hɨˈkɨˀ , həˈkəˀ									
55	ehũkũ	Nː hyũk, hĩyũk	1		hyũk , hĩyũk								
55	ehũkũ	hyũkũˀ, hũkũˀ, hĩyũkũˀ	2	hyũkũˀ , hũkũˀ , hĩyũkũˀ									
55	ehũnẽ	hũn	1	hũn								in: kũkũãhũn(ɛʔ)	
55	ehũnẽ	hũˈnɛˀ	2	hũˈnɛˀ									
55	ki·xuo	kiˈhuː, kiˈxuː; Nː kihu	1	kiˈhuː , kiˈxuː	kihu	1							
55	ki·xuo	huha͜i	2	huha͜i		1							
55	eíaha	ĩˈãh, yãh, ñãh	1	ĩˈãh , yãh , ñãh									
55	eˀíaha	yahˈˀãn (?); Nː yahˀã͜ũ	1	yahˈˀãn (?)	yahˀã͜ũ				> iʔiaha				
55	eˀiau	yib, yib̚; Nː yiːb	1	yib , yib̚	yiːb								
55	epá͜·ici	pa͜itx, pœdx, pa͜it̚, pœt, pu͜ic, kœj; Nː pa͜it̚	1	pa͜itx , pœdx , pa͜it̚ , pœt , pu͜ic , kœj	pa͜it̚	1							
55	eici	yit	1	yit		2		eiti					
55	einstimmig	Nː kikaha͜id	1		kikaha͜id				einstimmig appears to be German (?) for ‘unanimously’				
55	ka͜icixi	ˀaˈtih	1	ˀaˈtih									
55	ka͜icixi	(atihhai)	2	(atihhai)									
55	kipa͜ici	Nː pa͜it̚	1		pa͜it̚								
55	k·ĩxã	ˀĩh	1	ˀĩh									
55	eixu	(yĩh)	1	(yĩh)									
55	ei·ˀiˀi	yiˈˀiˀ	1	yiˈˀiˀ									
55	iˀiaha	[ˀ]iˀiˈyah	1	[ˀ]iˀiˈyah									
55	kude iˀiaha	kuːrˀiˈyah	1	kuːrˀiˈyah									
55	ˀoˀo kahae iˀiaha	[ɔˀ]kahaiˀiˈyah	1	[ɔˀ]kahaiˀiˈyah									
55	ˀika	Nː ik̚	1		ik̚								
55	k·ĩkõ	kĩk	1	kĩk									
55	k·ĩkõ	(ˀĩk, ĩkhai)	2	(ˀĩk , ĩkhai)									
55	eĩkõ	(yĩk)	1	(yĩk)									
55	ebē uĩkõ	bɛˈyĩk	1	bɛˈyĩk									
55	ka·ˀikoi	ˀaˀiˈkəː	1	ˀaˀiˈkəː									
55	ka·ˀikoi	(aˀikəhai)	2	(aˀikəhai)									
55	k·inãˀã͜ũã	nãˈˀã͜ũ (nãˀˈwãˀ, ˀinaˀˈwaˀ) Nː nãˈˀã͜ũ	1	nãˈˀã͜ũ (nãˀˈwãˀ , ˀinaˀˈwaˀ)	nãˈˀã͜ũ								
55	k·inãˀã͜ũã	nãˀã͜ũhai, naˀauhai	2	nãˀã͜ũhai , naˀauhai									
55	ka͜·inõnõ	kaiˈnən	1	kaiˈnən									
55	ˀĩnũː eˀĩnũˀĩnũ	yiˀˈnuˀ	1	yiˀˈnuˀ				eˀĩnũˀũĩ					
55	eiñãhã	yãh, ñãh	1	yãh , ñãh									
55	ki·ˀi[y]o	kah·ˀiː	1	kah·ˀiː									
55	ki·ˀi[y]o	(ihai, ˀiːhai)	2	(ihai , ˀiːhai)									
55	eiˀo	yiːˀ, iːˀ	1	yiːˀ , iːˀ									
55	eiˀo	(yiˀwə)	2	(yiˀwə)									
55	ehoku uiˀo	hiˈœk yiˀ	1	hiˈœk yiˀ									
55	eiˀo udohəao	yiˀ dɔˈçaː	1	yiˀ dɔˈçaː									
55	kaha͜iˀi eiˀo	kahaˀˈyiˀ	1	kahaˀˈyiˀ									
56	kah·ipu	kaˈhip; Nː kahib	1	kaˈhip	kahib								
56	kah·ipu	ˈipha͜i; ˀib, ibhai	2	ˈipha͜i ; ˀib , ibhai									
56	eita-ː eitapuho	yataˈpuh	1	yataˈpuh									
56	kaˀa͜·itaha͜uda	Nː kaˀtahud	1		kaˀtahud								
56	ka·itara	kaˀiˈtar, ²aˈtar	1	kaˀiˈtar , ²aˈtar									
56	iteˀe	itɛˀ, tɛˀ	1	itɛˀ , tɛˀ									
56	itə	Nː ˀiːt, it	1		ˀiːt , it				minum				
56	itə	ˀiːt	2	ˀiːt					minum				
56	eitoho	təh	1	təh									
56	k·iti	ˀiːt, ˀit	1	ˀiːt , ˀit					pukul				
56	k·iti	Nː ˀithai	2		ˀithai				pukul				
56	itoː kahito	Nː kaˀhid, kahˀitɔ	1		kaˀhid , kahˀitɔ								
56	itoː kahito	aˀhidha͜i, ˀahitɔ	2	aˀhidha͜i , ˀahitɔ									
56	kahitoi	kahitə͜i	1	kahitə͜i									
56	kahitoi	ahitə͜i	2	ahitə͜i									
56	ebē uito	bɛˈyit, bɛːˈyid	1	bɛˈyit , bɛːˈyid									
56	eˀito	it	1	it									
56	makan pisang	nɔˈˀit	1	nɔˈˀit									
56	ki·ˀitoka	kiˀˈtɔk	1	kiˀˈtɔk									
56	eitora	ˀiˈtɔr	1	ˀiˈtɔr									
56	ekaˀa	kaˀ	1	kaˀ									
56	ekaˀa	kaˈˀaˀ	2	kaˈˀaˀ									
56	membuka mulut	puˈka kaˈˀab	1	puˈka kaˈˀab									
56	nganga mulut	ˀa͜u kaˈˀab	1	ˀa͜u kaˈˀab					buka mulutmuǃ				
56	ekaˀa ukoréa͜o	kaˀkɔrɛˈaː	1	kaˀkɔrɛˈaː									
56	ekaˀa uaˀa͜u	kaˀeˈˀaː, kaˀɛˈˀaː, thenː kaˀeaˈˀaː; Nː kaˀeˀ̠aˀaː	1	kaˀeˈˀaː , kaˀɛˈˀaː , thenː kaˀeaˈˀaː	kaˀeˀ̠aˀaː								
56	sikat gigi	yuˈkup kaˀ; Nː yikĩkaˀ	1	yuˈkup kaˀ	yikĩkaˀ								
56	ki·kaˀabu	kaˈˀab	1	kaˈˀab									
56	ki·kaˀabu	(kaˀabhai)	2	(kaˀabhai)									
56	ekaˀá͜ena	Nː kanɛ	1		kanɛ								
56	kipa·kãˀã͜ũãˀã	pɔkaˀɔˈaˀ, pəkaˈˀʷaˀ; Nː pəkãˀwãˀ	1	pɔkaˀɔˈaˀ , pəkaˈˀʷaˀ	pəkãˀwãˀ								
56	kipa·kãˀã͜ũãˀã	pə̃kãˀwaˀhai	2	pə̃kãˀwaˀhai									
56	eamãkãˀã͜ũãˀã	mãkãˀˈwãˀ, mãkaˀwãˀ	1	mãkãˀˈwãˀ , mãkaˀwãˀ									
56	eamãkã saya	mãkã_wãˈˀãˀ	1	mãkã_wãˈˀãˀ									
56	eamãkã-nya	mãkãˀˈwãˀən	1	mãkãˀˈwãˀən									
56	ekabaedo	kaˈpɛr	1	kaˈpɛr									
56	ekabo	kab̚	1	kab̚									
56	ekabodi	kaˈbœd; Nː kaˈbœd, kabəd	1	kaˈbœd	kaˈbœd , kabəd								
56	ki·kaˀaka	kikaˈˀak	1	kikaˈˀak									
57	ekada uˀapo	kăraˀɛˈap, kraˀɛˈap; Nː karaˀyap	1	kăraˀɛˈap , kraˀɛˈap	karaˀyap								
57	ekada uˀapo	krapɨˀ	2	krapɨˀ									
57	ekadabəˀa	Nː kribɨˀ	1		kribɨˀ								
57	kaha͜iˀi	kaˈha͜eˀ, kha͜eˀ	1	kaˈha͜eˀ , kha͜eˀ									
57	ekahaˀo	Nː kakahaˀ	1		kakahaˀ								
57	ekahaˀo	akahaˀ	2	akahaˀ									
57	ebaka ukahaˀo	bakaˈhaˀ, bakˈhaˀ	1	bakaˈhaˀ , bakˈhaˀ									
57	ekahãõ	kaˈhaː	1	kaˈhaː				ekahau					
57	ekahĩnõã	kahɛˈnɔː, kahɛ̃ˈno͜u; Nː kahɛ̃ˈnɔ̃ː	1	kahɛˈnɔː , kahɛ̃ˈno͜u	kahɛ̃ˈnɔ̃ː								
57	ekahĩnõã	kahɛ̃nõwɨ̃	2	kahɛ̃nõwɨ̃									
57	ekahioˀo ehuda	kahiˈɔˀ, kahˈyɔˀ	1	kahiˈɔˀ , kahˈyɔˀ									
57	ekai	kaː	1	kaː		1							
57	ekai ubaka	kaːbaˈkab	1	kaːbaˈkab					kamu ?				
57	ekai ukixo	kaːˈkiç	1	kaːˈkiç									
57	ekai ukoyo	kaˈkɔ͜i	1	kaˈkɔ͜i									
57	tai parang	kaːˈpœdx	1	kaːˈpœdx									
57	kai	ka͜i, kiˈka͜i, kiˈta͜i; Nː ka͜i, kipara͜i	1	ka͜i , kiˈka͜i , kiˈta͜i	ka͜i , kipara͜i	2							
57	kai	ka͜iha͜i	2	ka͜iha͜i		2							
57	ekaka	kak	1	kak									
57	kadiː ekadio	kaˈdiː	1	kaˈdiː				ekadī					
57	lembar	Nː haˈkar	1		haˈkar								
57	ki·kakadi	kakarhai	1	kakarhai									
57	kipakakaríaˀa	pakakaˈdiaˀ; Nː pakakadiˈaˀ	1	pakakaˈdiaˀ	pakakadiˈaˀ								
57	kaha·kãkĩ	Nː kahkãk	1		kahkãk								
57	kaha·kãkĩ	ˀahkãk, ahkãkhai	2	ˀahkãk , ahkãkhai									
57	ekamā̃	kãˈmãː	1	kãˈmãː									
57	ki·kanã͜ĩñã	kaˈna͜i	1	kaˈna͜i									
57	ki·kanã͜ĩñã	Nː kana͜iyaˀhai	2		kana͜iyaˀhai								
57	ekanə̃́ã͜ĩ	kanɨˈa, kanˈŋa, kanœˈa; Nː kanɨ̃a, kañœ̃a	1	kanɨˈa , kanˈŋa , kanœˈa	kanɨ̃a , kañœ̃a								
57	ekanõã	kãˈnɔ̃, kãnõ, kanɔ̃	1	kãˈnɔ̃ , kãnõ , kanɔ̃									
57	ekanũˀũnũ	kənũˈˀũn, kunũˈˀũn, pənuˈˀun (?)	1	kənũˈˀũn , kunũˈˀũn , pənuˈˀun (?)									
57	ekanũˀũnũ	kunuˀˈnuˀ; Nː kunũˀnũˀ	2	kunuˀˈnuˀ	kunũˀnũˀ								
57	kaoː kidikao	Nː kidika	1		kidika	2 (before colon in form_1937)							
57	kaoː kidikao	kaha͜i	2	kaha͜i		2 (before colon in form_1937)							
57	kãpũ	ˈkãp	1	ˈkãp									
57	kãpũ	kãˈpuˀ	2	kãˈpuˀ									
57	karaː kahakara	kar, kahˈkar; Nː haˈkar	1	kar , kahˈkar	haˈkar								
57	ki·karaˀaˀa	kikaˈraˀ, kaˈraˀ	1	kikaˈraˀ , kaˈraˀ									
57	ki·karaˀaˀa	Nː karaˀha͜i	2		karaˀha͜i								
57	ekamĩũ	kaˈmĩː	1	kaˈmĩː									
58	ekedaˀa͜udu	kidaˈˀur	1	kidaˈˀur									
58	ekaraha	kaˈrah	1	kaˈrah									
58	ekarepe	kaˈrɛp	1	kaˈrɛp									
58	ekarixa	kaˈriç	1	kaˈriç									
58	ekarixa	kariˈçaˀ	2	kariˈçaˀ									
58	ekē̃	kɛ̃ː	1	kɛ̃ː									
58	ki·kékaˀa	kɛˈaˀ; Nː kɛaˀ, karɛaˀ	1	kɛˈaˀ	kɛaˀ , karɛaˀ							fast: 'kʸaʔ	
58	ki·kékaˀa	kɛaˀha͜i	2	kɛaˀha͜i									
58	dipanggang	dikiaˀ	1	dikiaˀ									
58	kéa·baˀa	kɛˈab, ˈkʸab, kiˈa(ː)b	1	kɛˈab , ˈkʸab , kiˈa(ː)b									
58	ekedaˀaudu	kidaˈˀur	1	kidaˈˀur									
58	ekẽˀẽpã	kɛˈˀɛp	1	kɛˈˀɛp									
58	ekẽˀẽpã	Nː kɛˀɛpwɨˀ	2		kɛˀɛpwɨˀ								
58	tai burung, kapur	kakɛˈˀɛb	1	kakɛˈˀɛb									
58	ki·keˀəa	kikiˀˈyɨ	1	kikiˀˈyɨ									
58	ekehe	kɛh	1	kɛh									
58	ki·[ke]kéˀe͜i	karɛˈkɛˀ; Nː karɛkɛˀ, kɛkɛˀ	1	karɛˈkɛˀ	karɛkɛˀ , kɛkɛˀ			kadekéˀe͜i					
58	ki·[ke]kéˀe͜i	kɛ[ˀ]ˈkɛˀha͜i, kɛkɛˀhai	2	kɛ[ˀ]ˈkɛˀha͜i , kɛkɛˀhai				kadekéˀe͜i					
58	ekemã	kɛ̃m	1	kɛ̃m									
58	ekemã	kɛ̃ˈmãˀ	2	kɛ̃ˈmãˀ									
58	kipa·kemãhãhõ	Nː pakɛmããh	1		pakɛmããh								
58	kipa·kemãhãhõ	pakɛmahãhai	2	pakɛmahãhai									
58	kaˀai·kẽnãhã͜ĩ	kanɛˈnah	1	kanɛˈnah									
58	kaˀai·kẽnãhã͜ĩ	Nː ˀakɛnah, akɛnahhai	2		ˀakɛnah , akɛnahhai								
58	kaˀa·kẽnẽ	kaˀˈkɛ̃n	1	kaˀˈkɛ̃n									
58	kaˀa·kẽnẽ	Nː ˀaˀkɛ̃n, aˀkɛ̃nhai	2		ˀaˀkɛ̃n , aˀkɛ̃nhai								
58	kaˀa·keo	kaˀˈkɛ̃; Nː kaˀkɛː	1	kaˀˈkɛ̃	kaˀkɛː	2							
58	kaˀa·keo	ˀaˀkɛ, aˀkɛhai	2	ˀaˀkɛ , aˀkɛhai		2							
58	ki·keˀo	kaˈrəˀ; Nː karəˀ, karɛˀ	1	kaˈrəˀ	karəˀ , karɛˀ			kadeˀo					
58	ki·keˀo	ˈkəˀha͜i, kəˀ, kɛˀ, kɛˀhai, kœˀha͜i	2	ˈkəˀha͜i , kəˀ , kɛˀ , kɛˀhai , kœˀha͜i				kadeˀo					
58	kubur	ɛˀ	1	ɛˀ								(ǃ)	
58	ekeˀo	kɛˀ	1	kɛˀ									
58	ekeˀoko	keˈˀyœk; Nː k͜e̜ˈˀyœk, kɛˀyək	1	keˈˀyœk	k͜e̜ˈˀyœk , kɛˀyək								
58	ki·keora	kiˈɔr, kiˈkʸɔr	1	kiˈɔr , kiˈkʸɔr									
58	ki·kepoˀa	kɛˈpɨˀ, kikɛˈpɨˀ; kikiˈpɨˀ, kɛ̃ˈpɔ̃ˀ	1	kɛˈpɨˀ , kikɛˈpɨˀ ; kikiˈpɨˀ , kɛ̃ˈpɔ̃ˀ									
58	ki·kepoˀa	kɛˈpɨˀha͜i; Nː kɛpɨ	2	kɛˈpɨˀha͜i	kɛpɨ								
58	ekẽpũ	kĩp	1	kĩp									
58	kipa·kəa	paˈkɨ, kipaˈkɨː	1	paˈkɨ , kipaˈkɨː		1							
58	kipa·kəa	paˈkɨha͜i; Nː pakɨ	2	paˈkɨha͜i	pakɨ	1							
58	kipa·kəahaˀa	kipakɨˈçaˀ	1	kipakɨˈçaˀ									
58	kəaː kabakəa	kahbaˈrɨ	1	kahbaˈrɨ		2 (before colon in form_1937)							
58	kəaː kabakəa	(akɨ, akɨha͜i)	2	(akɨ , akɨha͜i)		2 (before colon in form_1937)							
59	ki·kia	kiˈkiː	1	kiˈkiː		2							
59	kəˀaː kabakəˀa	baˈkəˀ, kaˈkəˀ; Nː bakəˀ, baˈkœˀ	1	baˈkəˀ , kaˈkəˀ	bakəˀ , baˈkœˀ	1 (before colon in form_1937)							
59	kəˀaː kabakəˀa	ˀaˈkəˀha͜i, akəˀ	2	ˀaˈkəˀha͜i , akəˀ		1 (before colon in form_1937)							
59	kəˀa	kəˀ, kœˀ; Nː kəˀ, kɨˀ	1	kəˀ , kœˀ	kəˀ , kɨˀ	3							
59	kipa·kəˀə́aˀa	Nː paˈkœˀ, paˈkəˀ	1		paˈkœˀ , paˈkəˀ	4							
59	kipa·kəˀə́aˀa	pakəˀhai	2	pakəˀhai		4							
59	ki·kəˀəa	kaˈnə̃ˀ	1	kaˈnə̃ˀ				kanəˀəa		kahˈnə̃ˀ			
59	ki·kəˀəa	ˈkə̃ˀha͜i	2	ˈkə̃ˀha͜i				kanəˀəa					
59	ki·kəˀəaka	kɨˈˀɨk, kikɨˈˀɨk	1	kɨˈˀɨk , kikɨˈˀɨk									
59	ekəh[ə]a	kɨh	1	kɨh									
59	kəhəda	kɨˈhɨd	1	kɨˈhɨd									
59	kia	kiː; ˈkiyᵊ	1	kiː ; ˈkiyᵊ									
59	ki·	Nː	1	Nː				ka·kiado				this one is empty in the original appendix. Perhaps should refer to the variant given here: ka·kiado ?	
59	ki·	yakyarhai	2	yakyarhai				ka·kiado					
59	ekiáki	kiak	1	kiak									
59	ekiáki	kiakiˀ	2	kiakiˀ									
59	ˀa·kiakinᶏ	ˀakiˀaˈkĩːn	1	ˀakiˀaˈkĩːn									
59	ekiˀao	kiˈˀyaː, kiˈˀʸaː, kiˀiˈyaː; Nː kiˀyaː, kiã, kiyã	1	kiˈˀyaː , kiˈˀʸaː , kiˀiˈyaː	kiˀyaː , kiã , kiyã								
59	ekiˀao	kiyãwɨˀ	2	kiyãwɨˀ									
59	kĩˀãpãˀã	ki[ˀ]ãˈpãˀ	1	ki[ˀ]ãˈpãˀ									
59	kĩˀãpãˀã	ki[ˀ]ãˈpãˀha͜i; Nː kiˀãpãˀ	2	ki[ˀ]ãˈpãˀha͜i	kiˀãpãˀ								
59	ekiˀãpõ	kĩˀˈyãp, kĩˀĩˈãp, kĩˀˈãp, kĩˈãp; Nː kĩˀãp	1	kĩˀˈyãp , kĩˀĩˈãp , kĩˀˈãp , kĩˈãp	kĩˀãp						vgl. pĩãˈkɔ̃		
59	ekiˀãpõ	kiapwɨˀ	2	kiapwɨˀ									
59	kieˀe͜i	kariˈəˀ, kariˈœˀ, kariˈyəˀ, kʸəˀ; Nː kariəˀ, kiəˀ	1	kariˈəˀ , kariˈœˀ , kariˈyəˀ , kʸəˀ	kariəˀ , kiəˀ								
59	ditebas	dipˈkiœˀ	1	dipˈkiœˀ									
59	ekixəa	kiˈçɨː	1	kiˈçɨː									
59	kaˀa·kĩxĩ	Nː kaˈkĩh	1		kaˈkĩh								
59	kaˀa·kĩxĩ	akĩh, ˀakĩh	2	akĩh , ˀakĩh									
59	menghidupkan api	pakiç	1	pakiç									
59	menghidupkan api	kiçhai	2	kiçhai									
59	(men)jemur	ˀakũˈhaˀ; Nː ˀakũhãˀ, kanakũhaˀ, kũhaˀ, akũhaˀ	1	ˀakũˈhaˀ	ˀakũhãˀ , kanakũhaˀ , kũhaˀ , akũhaˀ								
59	(men)jemur	akũhãˀhai, kũhaˀhai	2	akũhãˀhai , kũhaˀhai									
59	ekĩxī̃	kĩˈhĩː	1	kĩˈhĩː									
59	kixoː eara ukixo	ruˈkih, ruˈkiç	1	ruˈkih , ruˈkiç									
59	menghidupkan api	Nː pakiç	3		pakiç								
59	menghidupkan api	kiçhai	4	kiçhai									
59	ekixo	kih, kiç, kĩh; Nː kiç	1	kih , kiç , kĩh	kiç	2							
59	ekixo	kiçəˀ, kiçwɨˀ	2	kiçəˀ , kiçwɨˀ		2							
59	ekixudo	kiˈçud, kiˈhud; hiˈud (?)	1	kiˈçud , kiˈhud ; hiˈud (?)									
60	ekĩˀĩː eˀā ukĩˀl̃	eã͜ũˈkĩˀ, ea͜oˈkl̃ˀ; Nː ɛã͜ũkĩˀ	1	eã͜ũˈkĩˀ , ea͜oˈkl̃ˀ	ɛã͜ũkĩˀ								
60	ekĩˀĩː eˀā ukĩˀl̃	eã͜ũkĩˈˀãˀ, eã͜ũkĩˀãˀ	2	eã͜ũkĩˈˀãˀ , eã͜ũkĩˀãˀ									
60	ekĩkã	Nː kĩk	1		kĩk								
60	kĩkĩː eĩkĩkĩ ukaˀa	yuˈkup kaˀ; Nː yikĩkaˀ	1	yuˈkup kaˀ	yikĩkaˀ								
60	kanĩkĩ	kahnĩk	1	kahnĩk									
60	kanĩkĩ	kĩkha͜i	2	kĩkha͜i									
60	sikat, sisir	pakĩk	1	pakĩk									
60	ekikoha	kiˈkɔh; kĩˈkɔ̃h (?)	1	kiˈkɔh ; kĩˈkɔ̃h (?)									
60	kaˀa·kĩnẽ	Nː kaˀkĩn	1		kaˀkĩn								
60	kinõnõ	kinə̃n	1	kinə̃n									
60	kinõˀõ͜ĩˀĩẽ	kinœ̃ˈˀɔ̃͜ĩ, kinœ̃ˈˀœ̃͜iˀ; Nː kinə̃ˀɔ̃͜ĩˀ	1	kinœ̃ˈˀɔ̃͜ĩ , kinœ̃ˈˀœ̃͜iˀ	kinə̃ˀɔ̃͜ĩˀ								
60	ki·kiˀo	kikiˈˀɔˀ, kikiˀˈyɔˀ	1	kikiˈˀɔˀ , kikiˀˈyɔˀ		2							
60	ekĩõhẽã	kuˈhɛ; Nː kuhɛ̃	1	kuˈhɛ	kuhɛ̃			ekẽhõã					
60	ki·kiˀõnĩ	kaniˈˀɔn, kĩˈˀɔ̃n; schnellː kaniˈˀyɔn; Nː kaniˀɔ̃n	1	kaniˈˀɔn , kĩˈˀɔ̃n ; schnellː kaniˈˀyɔn	kaniˀɔ̃n							fast: kani'ʔyɔn	
60	ki·kiˀõnĩ	kiˀɔ̃nhai	2	kiˀɔ̃nhai									
60	ki·kĩpã	kipã·kĩp, kĩp	1	kipã·kĩp , kĩp									
60	kipãˀã͜ũˀũ	kipãˈˀã͜ɔ̃ˀ	1	kipãˈˀã͜ɔ̃ˀ									
60	ka·kitaˀa	Nː kakitaˀ	1		kakitaˀ								
60	ka·kitaˀa	ˀakitaˀ, akitaˀhai	2	ˀakitaˀ , akitaˀhai									
60	ki·kitahaˀa	kitaˈhaˀ, karitaˈhaˀ, kəritaˈhaˀ, kʌritaˈhaˀ	1	kitaˈhaˀ , karitaˈhaˀ , kəritaˈhaˀ , kʌritaˈhaˀ									
60	ki·kitahaˀa	kitaˈhaˀha͜i	2	kitaˈhaˀha͜i									
60	ekitaháu	kitaˈhaː	1	kitaˈhaː									
60	ekitai	kiˈtaː, kiˈda͜i	1	kiˈtaː , kiˈda͜i									
60	ekitai	Nː kiˈtaiˀ	2		kiˈtaiˀ								
60	ekitē	kiˈtɛː	1	kiˈtɛː									
60	kitera	kib (?); Nː kit	1	kib (?)	kit								
60	ki·kiti	kaˈrit	1	kaˈrit				kaditi					
60	ki·kiti	Nː kithai	2		kithai			kaditi					
60	ki·kito	kaˈrit	1	kaˈrit				kadito					
60	ki·kito	ˈkitha͜i	2	ˈkitha͜i				kadito					
60	ekito	Nː ˈkit	1		ˈkit								
60	ekiu	kiː, ˈkiʸu, ˈkiyu	1	kiː , ˈkiʸu , ˈkiyu									
60	angin ribut	kiː ˀiˈyɨˀ; Nː kiyɨˀ, kiː ˀiyɨ̃ˀ	1	kiː ˀiˈyɨˀ	kiyɨˀ , kiː ˀiyɨ̃ˀ								
60	ekō	kɔ̃ː	1	kɔ̃ː									
60	ekō	Nː ˈkit	2		ˈkit								
60	kō̃	kə̃ː, kaˈnə̃, kaˈnœ̃	1	kə̃ː , kaˈnə̃ , kaˈnœ̃				kə̄̃ː kanə̃ã					
60	eõkō̃	yə̃ˈkẽː, yœ̃ˈkœ̃, yəˈkə̃ː, yaˈkə̃	1	yə̃ˈkẽː , yœ̃ˈkœ̃ , yəˈkə̃ː , yaˈkə̃									
60	-lah	ˈkə̃ha͜i; Nː kœ̃hai	1	ˈkə̃ha͜i	kœ̃hai								
60	kaˀa·kõãhã͜ĩ	ˀaˀˈkʷãh, ˀaˈkʷãh	1	ˀaˀˈkʷãh , ˀaˈkʷãh									
60	kaˀa·kõãhã͜ĩ	ˀaˀˈkʷãhhai	2	ˀaˀˈkʷãhhai									
60	koanã	kahˈtʷãn, kahˈtɔ̃an	1	kahˈtʷãn , kahˈtɔ̃an									
60	koanã	ahˈtɔ̃anha͜i (Nː ahtɔ̃an)	2	ahˈtɔ̃anha͜i	(ahtɔ̃an)								
61	eo·koi	yɔˈko	1	yɔˈko		4							
61	koˀa kapū̃	kɔˀkãˈpũ	1	kɔˀkãˈpũ									
61	koba	Nː karɔb	1		karɔb	1							
61	koba	kɔb	2	kɔb		1							
61	eoˀoba	yɔˈkɔb̚	1	yɔˈkɔb̚									
61	eoˀoba	yɔkɔbaˀ, yɔkɔbwə	2	yɔkɔbaˀ , yɔkɔbwə									
61	kipa·koba	paˈkɔb, kipaˀˈkɔb, kaˀˈkɔb	1	paˈkɔb , kipaˀˈkɔb , kaˀˈkɔb		2							
61	kipa·koba	Nː pakɔbhai, paˀkɔbhai	2		pakɔbhai , paˀkɔbhai	2							
61	kodo	kər, kaˈrər	1	kər , kaˈrər									
61	kodo	ˈkərha͜i	2	ˈkərha͜i									
61	ekoˀeˀe	kɔˈˀɛˀ	1	kɔˈˀɛˀ									
61	ekohéaˀa	kɔçɛˈaˀ	1	kɔçɛˈaˀ									
61	kaˀa·kõhõ	Nː kaˀkə̃h, kaˀkɨh	1		kaˀkə̃h , kaˀkɨh								
61	ekõhõ	kə̃h, kœ̃h; Nː kə̃h	1	kə̃h , kœ̃h	kə̃h								
61	ekóho͜i	kœh, kəh, kɨh	1	kœh , kəh , kɨh		2							
61	kohopái	kɔhˈpaː	1	kɔhˈpaː									
61	koi	kəː, kœː; Nː kə	1	kəː , kœː	kə	2							
61	ekoko	kɔk	1	kɔk									
61	ekoko saya	kɔˈkɔˀ	1	kɔˈkɔˀ									
61	ekoko kamu	kɔˈkɔb	1	kɔˈkɔb									
61	kipa[ha]koko	Nː pahkɔk, pakɔk	1		pahkɔk , pakɔk								
61	kaˀi·koko	kahˈtɔk, kaˀˈtɔk	1	kahˈtɔk , kaˀˈtɔk									
61	kipa·kokoehe	Nː pakɔkɔɛh	1		pakɔkɔɛh								
61	kipa·kokoehe	pakɔkɔɛxha͜i	2	pakɔkɔɛxha͜i									
61	ki·kokói	kikəkœˈya; Nː kəˈkəː, kikəkəya	1	kikəkœˈya	kəˈkəː , kikəkəya	1							
61	ea·kokóiya uˀā	kɔkɔˀˈyaː, kɔkɔˈˀɛaː	1	kɔkɔˀˈyaː , kɔkɔˈˀɛaː									
61	ki·kõkõnã	kikɔ̃ˈkɔn, kɔ̃ˈkɔ̃n	1	kikɔ̃ˈkɔn , kɔ̃ˈkɔ̃n									
61	ki·kõkõnã	kɔ̃ˈkɔ̃nha͜i	2	kɔ̃ˈkɔ̃nha͜i									
61	eakõmãˀã͜õ	Nː eakɔmaˀ, ˀɛakɔmaˀ	1		eakɔmaˀ , ˀɛakɔmaˀ								
61	ekomẽã	kɔ̃m, yakɔˈmɛ̃	1	kɔ̃m , yakɔˈmɛ̃									
61	lereng gunung	yanɔ̃ˈmɛ̃	1	yanɔ̃ˈmɛ̃									
61	kõmõĩ	kəˈmə͜y, kə̃ˈmə͜i	1	kəˈmə͜y , kə̃ˈmə͜i									
61	kõmõĩ	Nː kəməyhai	2		kəməyhai								
61	ki·kõnõnã	kɔ̃ˈnɔ̃n	1	kɔ̃ˈnɔ̃n									
61	koˀo	kahnɔˈˀyaˀ, kahnɔ̃ˈˀyãˀ, kahnɔ̃ˀɛ̃ˈãˀ, pãˀnɔ̃ˀɛ̃ˈaˀ	1	kahnɔˈˀyaˀ , kahnɔ̃ˈˀyãˀ , kahnɔ̃ˀɛ̃ˈãˀ , pãˀnɔ̃ˀɛ̃ˈaˀ				kadoˀo	???				
61	kaha·kṍˀõ͜ĩ	Nː hãkɔ̃ˀ	1		hãkɔ̃ˀ								
61	ekõˀṍ͜ĩ́ˀĩ	kɔ̃ˈˀɔ̃͜ĩˀ; kɔˈˀɔ͜y	1	kɔ̃ˈˀɔ̃͜ĩˀ ; kɔˈˀɔ͜y									
61	ekoˀoki	kəˈˀək	1	kəˈˀək									
61	ekõˀõkõˀõ	kɔ̃ˀˈkɔ̃ˀ	1	kɔ̃ˀˈkɔ̃ˀ									
61	ekoˀomĩmĩ	kɔˀˈmim	1	kɔˀˈmim									
62	ekõpẽnẽ	kɔˈpɛ̃n; Nː kõˈpɛ̃ːn	1	kɔˈpɛ̃n	kõˈpɛ̃ːn								
62	ekõpẽnẽ	kõpɛ̃nwɨ̃ˀ, kõpɛ̃nĩˀ	2	kõpɛ̃nwɨ̃ˀ , kõpɛ̃nĩˀ									
62	ki·kõpĩ, kanõpĩ	kɔ̃p, kaˈnɔ̃p	1	kɔ̃p , kaˈnɔ̃p									
62	ki·kõpĩ, kanõpĩ	ˈkɔ̃pha͜i	2	ˈkɔ̃pha͜i									
62	eõkõpĩ [ũda]	Nː yɔ̃kɔ̃p [yɔ̃kɔ̃pyur]	1		yɔ̃kɔ̃p [yɔ̃kɔ̃pyur]								
62	ki·kokopiˀi	kɔˈpiˀ, karɔˈpiˀ	1	kɔˈpiˀ , karɔˈpiˀ				karopiˀi					
62	ki·kokopiˀi	Nː kɔpiˀha͜i, kɔkɔpiˀhai	2		kɔpiˀha͜i , kɔkɔpiˀhai			karopiˀi					
62	ki·kore	kaˈrɔr	1	kaˈrɔr				kadore					
62	ki·kore	Nː kɔr͜ ha͜i	2		kɔr͜ ha͜i			kadore					
62	anak angkat	ɛaˈraˀ ˀukiˈkɔr	1	ɛaˈraˀ ˀukiˈkɔr								Kind mein ich trage ?	
62	ekoreka	yakɔrɛk	1	yakɔrɛk									
62	ekoréa͜oː ekaˀa ukoréa͜o	kaˀkɔrɛˈaː	1	kaˀkɔrɛˈaː									
62	ˀa·koru	ˀaˈkər, ˀaˈkœr, ˈakər	1	ˀaˈkər , ˀaˈkœr , ˈakər									
62	ka·kou	kaˈkœ	1	kaˈkœ									
62	ekoyo	kɔ͜y, kɔ͜i	1	kɔ͜y , kɔ͜i									
62	ekoyo	Nː kɔiwəˀ, kɔywəˀ, kɔyiˀ	2		kɔiwəˀ , kɔywəˀ , kɔyiˀ								
62	babi hutan	kɔ͜y; Nː kɔy hɔku	1	kɔ͜y	kɔy hɔku								
62	babi dipelihara	kɔ͜y kidiˈpɨd	1	kɔ͜y kidiˈpɨd									
62	babi jinak	kɔ͜y kipɨˈˀak	1	kɔ͜y kipɨˈˀak									
62	gambir (tai babi)	kaˈkɔ͜i	1	kaˈkɔ͜i									
62	induk babi	maˀˈkɔ͜y	1	maˀˈkɔ͜y									
62	kipa·ku[ˀu]aˀa	paˀkuˀˈyaˀ, pakuˀiˈaˀ, pakuˀˈyaˀ	1	paˀkuˀˈyaˀ , pakuˀiˈaˀ , pakuˀˈyaˀ									
62	kipa·ku[ˀu]aˀa	pa[ˀ]kuˀˈyaˀhai; Nː pakuˀyaˀhai	2	pa[ˀ]kuˀˈyaˀhai	pakuˀyaˀhai								
62	disuruh	dipakuˀˈyaˀ	1	dipakuˀˈyaˀ									
62	kua - naik (sampan)	Nː kuˀ, kuˀ dɔha	1		kuˀ , kuˀ dɔha								
62	kua - naik (sampan)	kuˀha͜i	2	kuˀha͜i									
62	- masuklah	kuːha͜i	1	kuːha͜i									
62	tidak masuk	kɛˀiˈku	1	kɛˀiˈku									
62	kũã, kanũã (meng-)	kaˈnũː; Nː kũ, kanũ	1	kaˈnũː	kũ , kanũ								
62	kũã, kanũã (meng-)	kũhai	2	kũhai									
62	kũã, kanũã (ber-)	kanũaˈhaˀ, kũãhãˀ, kũãhaˀ, kanũãhãˀ	1	kanũaˈhaˀ , kũãhãˀ , kũãhaˀ , kanũãhãˀ									
62	kũã, kanũã (ber-)	kũãhaˀhai	2	kũãhaˀhai									
62	kipa·kuaˀa	kipaˈkʷaˀ, kipakɔˈʷaˀ; Nː kipakwaˀ	1	kipaˈkʷaˀ , kipakɔˈʷaˀ	kipakwaˀ								
62	kipa·kuaˀa	pakwaˀhai	2	pakwaˀhai									
62	ekũãˀãkũãˀã	Nː kũˀkũãˀ	1		kũˀkũãˀ								
62	kontol	kũkũãhũn, kũkũãhũnɛ̃ˀ	1	kũkũãhũn , kũkũãhũnɛ̃ˀ									
62	ekuahá͜iyo	kuaˈha͜i	1	kuaˈha͜i									
62	kúai	karuˈaː	1	karuˈaː									
62	kúai	Nː aruahai, ˀarua	2		aruahai , ˀarua								
62	eukúai	yuˈkwaː, yuˈkʷa	1	yuˈkwaː , yuˈkʷa									
63	ea·kũˀakũˀa, kakũˀa	kiˈkˀə̃ː, kiˈə̃; Nː kiˀyə̃	1	kiˈkˀə̃ː , kiˈə̃	kiˀyə̃							??	
63	kude	kur	1	kur									
63	ekudodo	kuˈdər	1	kuˈdər		1							
63	ekudodo	kuˈdər	2	kuˈdər		2							
63	kipa·kudodo	pakuˈdər	1	pakuˈdər		3							
63	kipa·kudodo	Nː pakudərhai	2		pakudərhai								
63	ka·kudu	kaˈkur	1	kaˈkur									
63	kuhai, kipakuhai	pəruˈha, pəruˈça; Nː kuha	1	pəruˈha , pəruˈça	kuha								
63	kuhai, kipakuhai	kuhaha͜i	2	kuhaha͜i									
63	ka·kuhoi	karuˈçœ (karuˈhœ)	1	karuˈçœ (karuˈhœ)									
63	ka·kuhoi	Nː ˀakuhəhai	2		ˀakuhəhai								
63	ki·kuˀĩaˀa	karuˀˈyaˀ	1	karuˀˈyaˀ									
63	ki·kuˀĩaˀa	kuˀyaˀha͜i	2	kuˀyaˀha͜i									
63	kuiː kadui	kaˈruː	1	kaˈruː									
63	eukui	Nː yuˈkuː	1		yuˈkuː								
63	eukui	Nː yuˈkuˀ	2		yuˈkuˀ								
63	kuinãnãˀã	kũn, kun; Nː kuɨ̃n, kuɨn, ˈkuən, kũə̃n	1	kũn , kun	kuɨ̃n , kuɨn , ˈkuən , kũə̃n								
63	besar benar/sekali	ˀaˈmuhkũn, ˀamũhˈkũn	1	ˀaˈmuhkũn , ˀamũhˈkũn									
63	bagus benar	kaˈˀuː kũn	1	kaˈˀuː kũn									
63	benar²	kũnˈkũn	1	kũnˈkũn									
63	ekũkã	kũk, kũːk	1	kũk , kũːk		1							
63	ekũkã	ŋkũˈkãˀ; Nː kũkãˀ	2	ŋkũˈkãˀ	kũkãˀ	1							
63	kukuˀui	kuk	1	kuk									
63	kukuˀui	ˈkukhai	2	ˈkukhai									
63	ekũmẽhãˀãhõ	kumĩyãˈˀãh; Nː kumiyaˀah	1	kumĩyãˈˀãh	kumiyaˀah								
63	kaha·kũnã	Nː hakũn	1		hakũn								
63	ekunĩnĩ	kuniˈni	1	kuniˈni									
63	ekuo	kuː	1	kuː									
63	ekuo	kuˈɨˀ; Nː kuɨk	2	kuˈɨˀ	kuɨk								
63	hutan	hɔˀˈkuː, kuː	1	hɔˀˈkuː , kuː									
63	pucuk kayu	dihˈkuː	1	dihˈkuː									
63	atas kayu	pũh ku	1	pũh ku									
63	kikir	yɛˈˀɛk kuː	1	yɛˈˀɛk kuː									
63	buih kayu	piçˈku	1	piçˈku									
63	belah kayu	pɔraˀˈku	1	pɔraˀˈku									
63	pohon merbau	kukiˈtɛ, kiˈtɛ	1	kukiˈtɛ , kiˈtɛ									
63	kayu gabus	ku kiˈˀɔ̃n, kiˀɔ̃ˈnaː	1	ku kiˈˀɔ̃n , kiˀɔ̃ˈnaː									
63	ka·kúoˀo	Nː kau͜əˀ	1		kau͜əˀ								
63	kipa[ha]kúoˀo	pɛyaku͜əˀ	1	pɛyaku͜əˀ									
63	kipa[ha]kúoˀo	pɛyaku͜əˀhai	2	pɛyaku͜əˀhai									
63	kipa·kupeˀe͜i	kuˈpɛˀ, karuˈpɛˀ	1	kuˈpɛˀ , karuˈpɛˀ									
63	kipa·kupeˀe͜i	kuˈpɛˀha͜i	2	kuˈpɛˀha͜i									
63	ekuru	ˈkur	1	ˈkur		2							
63	ka·kuru	kaˈkur	1	kaˈkur		1							
64	emẽnã͜ũhũã	mɛˈnah	1	mɛˈnah									
64	eũˈkũˀũ	yũˈkũˀ	1	yũˈkũˀ									
64	emãhõkãkĩ	mahˈpʷãk, mahˈpwãk	1	mahˈpʷãk , mahˈpwãk									
64	e[pah]amai	kimaˈmaː, kipahˈmãː	1	kimaˈmaː , kipahˈmãː									
64	e[pah]amai	Nː mamãhai	2		mamãhai								
64	eamã͜ĩñõ	yaˈma͜i	1	yaˈma͜i									
64	emãnĩ	mãn; Nː man	1	mãn	man								
64	kaˀa·mãnõ	kaˀˈman	1	kaˀˈman									
64	emẽãũ	mɛ̃ˈãː; Nː mẽˈãː	1	mɛ̃ˈãː	mẽˈãː								
64	emẽãũ	mẽãwə	2	mẽãwə									
64	emẽnõ	mɛ̃n	1	mɛ̃n									
64	mẽõ	mɛ̃ː	1	mɛ̃ː									
64	mī̃ː mĩmī̃	Nː miˈmi	1		miˈmi	1 (before colon in form_1937)							
64	mĩxĩ	miç, mix	1	miç , mix									
64	emĩkĩõ	mĩˈkĩː	1	mĩˈkĩː									
64	emĩkõ	mik	1	mik									
64	emĩnã uˀapo	Nː minˀeap	1		minˀeap								
64	cakar	mĩndẽãː, mindɛ̃ã	1	mĩndẽãː , mindɛ̃ã									
64	mĩnũˀũĩ	minũˀ	1	minũˀ									
64	mĩnũˀũĩ	minũˀhai	2	minũˀhai									
64	mõhõ	məh, mœh, mœ̃h; Nː məh, mœh	1	məh , mœh , mœ̃h	məh , mœh								
64	mõkõ	mə̃k, mɨk; Nː mɨk	1	mə̃k , mɨk	mɨk	1							
64	ka·mõkõ	Nː kaˈmɔk	1		kaˈmɔk	2							
64	mõmõˀõː eõmõˀõ	yəˈməˀ, yaˈməˀ, yəˈmə; Nː iə̃mə̃ˀ, ˀiyə̃mə̃ˀ	1	yəˈməˀ , yaˈməˀ , yəˈmə	iə̃mə̃ˀ , ˀiyə̃mə̃ˀ								
64	mõmõˀõː eõmõˀõ	ˀaˀiə̃mə̃ˀ, aˀyaˀmœ̃ˀhai	2	ˀaˀiə̃mə̃ˀ , aˀyaˀmœ̃ˀhai									
64	°ka·mõnĩ	°mœ̃n, kaˈmœ̃n	1	°mœ̃n , kaˈmœ̃n					is the corner dot indicating loanword as in Kähler (1987)?				
64	mõˀõ	mɔˀ	1	mɔˀ									
64	ki·mõ͜ũ	kiˈmœ̃ː, kiˈmœː, kimɔhˈmœ̃; Nː kimə̃	1	kiˈmœ̃ː , kiˈmœː , kimɔhˈmœ̃	kimə̃								
64	emũˀĩñã	mɔ̃ˈˀɔ̃͜ĩ	1	mɔ̃ˈˀɔ̃͜ĩ									
64	°emũō̃	°mũˈɔ̃	1	°mũˈɔ̃									
64	ki·nãˀã, kaˀinãˀã	Nː kaˀinaˀ	1		kaˀinaˀ								
64	ki·nãˀã, kaˀinãˀã	naˀhai	2	naˀhai									
64	e[a]nãˀã́͜ṍˀõã	eanãˈˀɔ̃ˀ	1	eanãˈˀɔ̃ˀ									
64	enãˀãpũã	nãˀˈpũː	1	nãˀˈpũː									
64	enãẽ	naː	1	naː									
64	nãˀĩˀãhã	dadɨˈah, dadœ͜ɨh; Nː dadɨah	1	dadɨˈah , dadœ͜ɨh	dadɨah								
64	enãnā̃ uˀue	naːˈˀyu, naːˀiˈu	1	naːˈˀyu , naːˀiˈu									
64	ki·nãnã͜ĩñã[ˀã]	kinãˈnã͜ĩ; Nː nana͜i, kinana͜i, nana͜iyaˀ	1	kinãˈnã͜ĩ	nana͜i , kinana͜i , nana͜iyaˀ								
64	ki·nãnã͜ĩñã[ˀã]	nana͜iyaˀhai	2	nana͜iyaˀhai									
64	nãkũãnõ	nãkũˈãn, nãˈkʷãn	1	nãkũˈãn , nãˈkʷãn									
65	nẽˀẽnĩ	nɛˈˀɛn	1	nɛˈˀɛn									
65	nãˀũmãnãː	bɛˈgiah nɔˀˈman	1	bɛˈgiah nɔˀˈman					sampai besok				
65	enẽã	nɛː, kaˀˈnɛ̃ː	1	nɛː , kaˀˈnɛ̃ː									
65	ka·nẽnẽ	kaˈnɛn	1	kaˈnɛn									
65	enẽnẽã	nɛˈnɛː	1	nɛˈnɛː									
65	kahanẽ́ãhã͜ĩ	kahnɛˈnɛah	1	kahnɛˈnɛah									
65	kahanẽ́ãhã͜ĩ	nɛˈnɛahha͜i	2	nɛˈnɛahha͜i									
65	ki·nẽnẽkĩ	Nː kinɛnɛk	1		kinɛnɛk								
65	= nẽnẽkã	nɛnɛkaˀ	1	nɛnɛkaˀ									
65	ka·nẽnō̃nẽnō̃	kanɛ̃nɛ̃ˈnɔ̃ː; Nː karnɛnɔ̃	1	kanɛ̃nɛ̃ˈnɔ̃ː	karnɛnɔ̃								
65	enə̃ã	nœː, nɨː, nə̃ː, nœ̃ː; Nː nɨ̃ː, nœ̃ɨ	1	nœː , nɨː , nə̃ː , nœ̃ː	nɨ̃ː , nœ̃ɨ								
65	imbang sama beratnya	panaˈkɨː ˈnɨːd[ʸə], pənakɨˈnɨd	1	panaˈkɨː ˈnɨːd[ʸə] , pənakɨˈnɨd									
65	kaha·nə̃kĩ	kahˈnək; Nː kahnɨk, kahnə̃k	1	kahˈnək	kahnɨk , kahnə̃k								
65	kaha·nə̃kĩ	ˀanə̃kha͜i	2	ˀanə̃kha͜i									
65	ki·nə̃nə̃nãˀã	kinəˈnən, kinœˈnœn, kinœ̃ˈnœ̃n, kinəˀˈnən; Nː kinɨ̃nɨ̃n	1	kinəˈnən , kinœˈnœn , kinœ̃ˈnœ̃n , kinəˀˈnən	kinɨ̃nɨ̃n	2							
65	enĩə̃	niː	1	niː									
65	enĩə̃	Nː niəˀ	2		niəˀ								
65	ka·nĩxã	kanĩh	1	kanĩh									
65	kaˀa·nĩxãĩ	kaˀniˈhaː, kahniˈhʸa; Nː kaˀnĩçã, kaˀniha	1	kaˀniˈhaː , kahniˈhʸa	kaˀnĩçã , kaˀniha								
65	kaˀa·nĩxãĩ	aˀnĩçãhai, aˀnihaha͜i	2	aˀnĩçãhai , aˀnihaha͜i									
65	ka·nĩkã	kaˈnik; Nː kaˈnĩk	1	kaˈnik	kaˈnĩk								
65	kiˈnō̃ (kinõnō̃)	kinɔˈnɔ	1	kinɔˈnɔ									
65	makan pisang	nɔˈˀit	1	nɔˈˀit									
65	enak makan	kaˈˀu nɔˀ	1	kaˈˀu nɔˀ									
65	hō mũnō̃	hɔmˈnɔ	1	hɔmˈnɔ									
65	kaha·nõkĩ	kahˈnɔk; Nː kahnɔk, kahnɔ̃k	1	kahˈnɔk	kahnɔk , kahnɔ̃k	1							
65	kaha·nõkĩ	anɔkhai	2	anɔkhai									
65	enõˀõhõ	Nː nə̃ˀə̃n	1		nə̃ˀə̃n								
65	nõˀõnĩ	nə̃ˈˀə̃n	1	nə̃ˈˀə̃n									
65	°kaˀa·nũkõˀõ	°nuˈkɔˀ	1	°nuˈkɔˀ									
65	kahi·nũnũ	kahiˈnən, kahiˈnœ̃n; Nː kahinə̃n, kahinũn	1	kahiˈnən , kahiˈnœ̃n	kahinə̃n , kahinũn								
65	inũnũpẽ	inœ̃nhai	1	inœ̃nhai									
65	kaˀa·nũˀũ	kaˀˈnuˀ	1	kaˀˈnuˀ									
65	ˀō̃, õˀõ	ɔ̃ː	1	ɔ̃ː									
65	ki·ˀoaha	kɛˈˀwah, kɛˀɔˈah	1	kɛˈˀwah , kɛˀɔˈah									
65	kipa·oapo	kipaˈwap	1	kipaˈwap									
65	kipa·oapo	paˈwapha͜i; Nː pawap	2	paˈwapha͜i	pawap								
65	eˀobi	ˀiˈyəb, ˀiˈœb, ˀyəb; Nː ˀiəb	1	ˀiˈyəb , ˀiˈœb , ˀyəb	ˀiəb								
65	eˀobi	ˀiəbiˀ	2	ˀiəbiˀ									
65	epá͜ixa uˀobi	pa͜iˈˀiœb; Nː pa͜iˀiəb	1	pa͜iˈˀiœb	pa͜iˀiəb								
65	kipakaharē uˀobi	pakahˈrɛ ˀyəb	1	pakahˈrɛ ˀyəb									
66	eˀobo	Nː eɔb	1		eɔb								
66	k·odi	kœr, ˀər, œr, ˀœr; Nː ər, ˀər, œr	1	kœr , ˀər , œr , ˀœr	ər , ˀər , œr								
66	kaha͜odi	kaˈhœr, kahər	1	kaˈhœr , kahər									
66	kodiaˀa	kahœdiaˀ, kahədiaˀ	1	kahœdiaˀ , kahədiaˀ									
66	kodiaˀa	ədiaˀhai	2	ədiaˀhai									
66	eodi	yœr; Nː hiər	1	yœr	hiər								
66	saya beli	ˀuˈkœr	1	ˀuˈkœr									
66	eˀodo	yər	1	yər						kaˈˀər			
66	ki·[x]ohoː kioho edopo	karkiˈœh, karˈkʸœh, karˈkʸəh dɔp	1	karkiˈœh , karˈkʸœh , karˈkʸəh dɔp									
66	ki·ˀoi	kahˈˀœː; Nː kahˀə	1	kahˈˀœː	kahˀə			kaˀa͜oi					
66	ki·ˀoi	ˀəhai	2	ˀəhai									
66	eoˀói	yœˈˀœː yəˀə	1	yœˈˀœː yəˀə									
66	eoˀói ubō	yœˈˀœˈbœː	1	yœˈˀœˈbœː									
66	penimba nasi	yœˈˀœr kih, yœˀœruˈkih; Nː yəˀərkih	1	yœˈˀœr kih , yœˀœruˈkih	yəˀərkih								
66	eo·ˀo͜ici	yəˈˀəc, yəˈˀətx, yɨːˈœc; Nː yəˀəc	1	yəˈˀəc , yəˈˀətx , yɨːˈœc	yəˀəc								
66	eo·ˀo͜ici	ˀœˈcaˀ	2	ˀœˈcaˀ									
66	kaho͜ici	kaˈhœdx	1	kaˈhœdx									
66	ekahoˀo͜ici	kahˈˀə͜it̚, kahˈˀə͜ic̚; Nː kahˀo͜it, kahˀə͜it̚	1	kahˈˀə͜it̚ , kahˈˀə͜ic̚	kahˀo͜it , kahˀə͜it̚								
66	kah·oki	kaˈhɔk	1	kaˈhɔk									
66	kah·oki	ˈˀɔkha͜i; Nː ɔkhai	2	ˈˀɔkha͜i	ɔkhai								
66	eo·ˀoki	yəˈˀək	1	yəˈˀək		3							
66	ˀokiː eˀue kaˀoki	yuː kaˈˀək, yukaˈˀœk	1	yuː kaˈˀək , yukaˈˀœk		1 (before colon in form_1937)							
66	pasang turun	yuː kiˈmũh baˈˀək	1	yuː kiˈmũh baˈˀək									
66	eoko	ɛˈɔk, ˈyɔk, hɛ̃ˈɔ̃k; Nː eʸɔk	1	ɛˈɔk , ˈyɔk , hɛ̃ˈɔ̃k	eʸɔk								
66	eoko uˀapo	ɛˈɔk ɛˈap	1	ɛˈɔk ɛˈap									
66	k·oko	kək	1	kək									
66	saya serdawa	ˀuˈkək	1	ˀuˈkək									
66	k·õkõ	ˀɔ̃k, kɔ̃k, kahˈkɔ̃k	1	ˀɔ̃k , kɔ̃k , kahˈkɔ̃k				kahã͜õkõ					
66	k·õkõ > kidõkõ	kiˈnɔk	1	kiˈnɔk					> kinõkõ ?				
66	kelapa salai	pɔː kiˈnɔk, pɔkiˈnɔk	1	pɔː kiˈnɔk , pɔkiˈnɔk									
66	pisang yang disalai	it kiˈnɔˀ	1	it kiˈnɔˀ								(!)	
66	eˀomãhã͜ĩñã	ˀɔmaˈha͜i	1	ˀɔmaˈha͜i									
66	kipá·omõ	kipɨ̃ˈam; N auchː kipə̃ãm, kipə̃am	1	kipɨ̃ˈam ; N auchː kipə̃ãm , kipə̃am									
66	kipá·omõ	pɨ̃amhai	2	pɨ̃amhai									
66	kipá·omõ	pɨ̃ˈam, auchː ˈpɨ̃am; Nː pə̃am	3	pɨ̃ˈam , auchː ˈpɨ̃am	pə̃am								
66	k·õmõ	kə̃m, kœ̃m	1	kə̃m , kœ̃m								N: kɨ̃m, kɨm durchgestr.	
66	saya, dia	ˀuːˈkə̃m, kɨːˈkœ̃m	1	ˀuːˈkə̃m , kɨːˈkœ̃m									
66	-lah	Nː əmha͜i, ə̃mhai, œ̃mhai	1		əmha͜i , ə̃mhai , œ̃mhai				not sure which element attaches to '-lah' here				
66	-lah	kaˈhə̃m, kaˈhœ̃m, paˈhə̃m; Nː kahə̃m	2	kaˈhə̃m , kaˈhœ̃m , paˈhə̃m	kahə̃m				not sure which element attaches to '-lah' here				
66	awas	ˀaˈmœ̃mˀɔ[ˀ], ˀaˈmum, ˀaˈmœm; Nː amə̃m	1	ˀaˈmœ̃mˀɔ[ˀ] , ˀaˈmum , ˀaˈmœm	amə̃m								
67	eˀõnõ	ˀẽˈɔ̃n; Nː ɛ̃ɔ̃n	1	ˀẽˈɔ̃n	ɛ̃ɔ̃n	2							
67	(ekabodi)	kaˈbœd; kabəd	1	kaˈbœd ; kabəd									
67	ˀoˀo	Nː ɔˀ	1		ɔˀ	1							
67	du selbst	ɔˀkaha͜iˀ	1	ɔˀkaha͜iˀ									
67	kamu ...	ˀɔki ...	1	ˀɔki ...									
67	ki·ˀoˀo	kăhaˈˀɔˀ; Nː kahˀɔˀ	1	kăhaˈˀɔˀ	kahˀɔˀ	2							
67	ki·ˀoˀo	ˈˀɔˀha͜i; ɔˀhai	2	ˈˀɔˀha͜i ; ɔˀhai									
67	e·ˀõˀõ	yəˀ, ˀiˈyəˀ, iˈə̃ˀ, ˀyɨˀ; Nː iyə̃ˀ	1	yəˀ , ˀiˈyəˀ , iˈə̃ˀ , ˀyɨˀ	iyə̃ˀ	2			kuat				
67	kekuatan	yə̃ˀ	1	yə̃ˀ									
67	kekuatan saya	yə̃ˀə̃ˀ	1	yə̃ˀə̃ˀ									
67	kekuatan kita	yə̃ˀə̃k	1	yə̃ˀə̃k									
67	angin ribut	kiː ˀiˈyəˀ, kiˈyəˀ, kiː ˀiˈyɨˀ, kiː ˈˀyəˀ; Nː kiyɨˀ, kiː ˀiyɨˀ	1	kiː ˀiˈyəˀ , kiˈyəˀ , kiː ˀiˈyɨˀ , kiː ˈˀyəˀ	kiyɨˀ , kiː ˀiyɨˀ								
67	eˀopa	ɛɔp, yɔb; Nː ˀɛɔp	1	ɛɔp , yɔb	ˀɛɔp								
67	eõpũ	yɔ̃b, yə̃b, yə̃p; Nː iyə̃p, yɨp	1	yɔ̃b , yə̃b , yə̃p	iyə̃p , yɨp								
67	eoro	ˀiˈɔr	1	ˀiˈɔr									
67	eoromẽã	yanɔ̃ˈmɛ̃	1	yanɔ̃ˈmɛ̃									
67	eoroya	yɔˈrɔ͜i	1	yɔˈrɔ͜i									
67	ˀua keo ya·padi	ˀu kɛˀˈpar	1	ˀu kɛˀˈpar									
67	ki·padoˀa	kipaˈrɔˀ	1	kipaˈrɔˀ									
67	ki·padoˀa	Nː parɔˀhai	2		parɔˀhai								
67	epaeː anak itu	paːˀɛ̃ˈɔ̃ˀ	1	paːˀɛ̃ˈɔ̃ˀ									
67	epãẽkã	pɛ̃k; Nː mpɛ̃k	1	pɛ̃k	mpɛ̃k								
67	pahũmãnã	pahɔ̃ˈman	1	pahɔ̃ˈman									
67	epá͜ixa uˀobi	pa͜iˈˀiœb; Nː pa͜iˀiəb	1	pa͜iˈˀiœb	pa͜iˀiəb								
67	epãĩxũ	Nː pãĩç	1		pãĩç								
67	ki·pa͜iˀio, kaha·ba͜iˀio	kahˈba͜iˀ, kahaˈba͜iˀ, kahˈba͜eˀ; Nː kahba͜ɛˀ	1	kahˈba͜iˀ , kahaˈba͜iˀ , kahˈba͜eˀ	kahba͜ɛˀ								
67	ki·pa͜iˀio, kaha·ba͜iˀio	(nicht -ba͜ɛˀǃ); pa͜ɛˀha͜i, paiˀhai	2	(nicht -ba͜ɛˀǃ) ; pa͜ɛˀha͜i , paiˀhai									
67	ki·paka	kabˈkab, kabə̠ˈkab	1	kabˈkab , kabə̠ˈkab					??				
67	epakaˀáoa	pəkaˈˀa͜u, pɨkaˈa͜u	1	pəkaˈˀa͜u , pɨkaˈa͜u								Ersatzwort für eʔea	
67	kaˀa·pãkũ	kaˈpãk; Nː kaˀpãk	1	kaˈpãk	kaˀpãk								
67	kaˀa·pãkũ	ˀãˈpãkha͜i, apãkhai	2	ˀãˈpãkha͜i , apãkhai									
67	epamãhã͜ũmã	pamãˈhũm, pəmãˈhũm	1	pamãˈhũm , pəmãˈhũm									
67	epanãˀã͜ũã	pœ̃nãˈˀã͜ɨ̃, pɨ̃nãˈˀa͜ɨ, pœnãˈˀa͜u (?); Nː pənãˀã͜ɨ̃, pœnãã͜ɨ̃ (ohne ?)	1	pœ̃nãˈˀã͜ɨ̃ , pɨ̃nãˈˀa͜ɨ , pœnãˈˀa͜u (?)	pənãˀã͜ɨ̃ , pœnãã͜ɨ̃ (ohne ?)								
67	panãkō̃	pənaˈkə̃ː, panaˈkə̃ː, panaˈkɨː, pənaˈkɨː	1	pənaˈkə̃ː , panaˈkə̃ː , panaˈkɨː , pənaˈkɨː									
67	sudah cukup	hɔ pənaˈkə̃ː, kɔˀpənãˈkə̃ː; Nː kɔˀpɨ̃nakɨ̃, kɔˀpənakə̃	1	hɔ pənaˈkə̃ː , kɔˀpənãˈkə̃ː	kɔˀpɨ̃nakɨ̃ , kɔˀpənakə̃								
67	ki·panãũ	kipaˈnaː, paˈnaː; Nː kipanã	1	kipaˈnaː , paˈnaː	kipanã								
67	ki·panãũ	panãhai	2	panãhai									
67	epanãnãũ	pərˈnaː; Nː pərəna	1	pərˈnaː	pərəna								
67	ki·panãũãˀã	kahpãnãˈwãˀ, pahnaˈwãˀ	1	kahpãnãˈwãˀ , pahnaˈwãˀ									
67	ki·panãũãˀã	Nː pãnãwãˀhai	2		pãnãwãˀhai								
68	panē̃	paˈnɛ̃ː	1	paˈnɛ̃ː									
68	dekatlah	Nː panɛhai	1		panɛhai								
68	epãnũ	pan, paˈnu, mpan	1	pan , paˈnu , mpan									
68	epãnũ	mpaˈnuˀ	2	mpaˈnuˀ									
68	epapa	pap	1	pap									
68	epara	par	1	par									
68	ea·parā	Nː yapaˈra	1		yapaˈra								
68	ea·parā	yaparaˀ	2	yaparaˀ									
68	ki·parā ebahau	paraː ˈbah	1	paraː ˈbah		1 (for ki·parā)							
68	ki·paraúaˀa	praˈwaˀ	1	praˈwaˀ									
68	kaˀa·paroba	Nː kaˀbla͜u	1		kaˀbla͜u							BV?	
68	ki·paríˀo, kabaríˀo	kabaˈriˀ, kɔbaˈriˀ; Nː kabariˀ, kahbariˀ	1	kabaˈriˀ , kɔbaˈriˀ	kabariˀ , kahbariˀ								
68	ki·paríˀo, kabaríˀo	pariˀhai	2	pariˀhai									
68	dibikin, tindak(an)	dipaˈriˀ	1	dipaˈriˀ									
68	eparopiˀi	kɔrˈpiˀ; Nː pɔrpiˀ	1	kɔrˈpiˀ	pɔrpiˀ								
68	kaˀa·pau	kaˀˈpã	1	kaˀˈpã					(N+O)				
68	kaˀa·pau	Nː aˀpãha͜i	2		aˀpãha͜i								
68	ea·paua ukoho͜i	Nː pã͜ũkœh	1		pã͜ũkœh								
68	ki[pa]·pē	pɛː, pahˈpɛ; Nː pe, pɛ, pahpɛ	1	pɛː , pahˈpɛ	pe , pɛ , pahpɛ								
68	ki[pa]·pē	pɛhai	2	pɛhai									
68	kipē yaha͜e	pahpɛˈyah, kipɛˈyah, pɛˈyah; Nː pahpɛyah	1	pahpɛˈyah , kipɛˈyah , pɛˈyah	pahpɛyah								
68	kipē yaha͜e	pɛyaxhai	2	pɛyaxhai									
68	saya mengasi	ˀu kipahˈpɛː	1	ˀu kipahˈpɛː									
68	epẽã	pɛ̃ː	1	pɛ̃ː									
68	epẽã ūba	pɛ̃iˈyub; Nː pɛ̃yub	1	pɛ̃iˈyub	pɛ̃yub								
68	epẽãˀã͜ũ	pɛ̃ˈyaˀ	1	pɛ̃ˈyaˀ									
68	epẽã uˀekoa	pɛ̃ˈkɔ	1	pɛ̃ˈkɔ									
68	papẽã	paˈpɛ̃ː	1	paˈpɛ̃ː									
68	ki·pehéaˀa	kipɛˈcaˀ, kipɛˈhʸaˀ; Nː pɛhyaˀ	1	kipɛˈcaˀ , kipɛˈhʸaˀ	pɛhyaˀ								
68	ki·pehéaˀa	pɛhyaˀhai, pɛçahai (ohne ?)	2	pɛhyaˀhai , pɛçahai (ohne ?)									
68	dulu	pɛ	1	pɛ									
68	ki·pehodo	kipiˈhœr, kipiˈxœr; piˈçər, piˈhər; kiˈhər; Nː piçər, pihər	1	kipiˈhœr , kipiˈxœr ; piˈçər , piˈhər ; kiˈhər	piçər , pihər								
68	ki·pehodo	pihərhai	2	pihərhai									
68	epẽˀõ	pɛ̃ˀ; Nː mpɛ̃ˀ	1	pɛ̃ˀ	mpɛ̃ˀ								
68	pəa	pɨː	1	pɨː		1							
68	-lah	ˈpɨhai	1	ˈpɨhai									
68	epəaha	pɨˈah	1	pɨˈah									
68	berwarna	kahpɨˈah	1	kahpɨˈah									
68	begitu	kədipœahˀɛ̃ˈɔ̃ˀ; Nː kidipɨahˀɛ̃ɔ̃ˀ	1	kədipœahˀɛ̃ˈɔ̃ˀ	kidipɨahˀɛ̃ɔ̃ˀ				kidip aha ?				
68	ka·pəa	kaˈpɨː, kahpɨˈˀɨaː, kapɨˈçaˀ, kapɨˈaˀ; Nː kapɨ	1	kaˈpɨː , kahpɨˈˀɨaː , kapɨˈçaˀ , kapɨˈaˀ	kapɨ	2							
68	ki·pəˀaka	kipɨˈˀak	1	kipɨˈˀak									
68	pəˀəka	kipɨˈˀɨk; Nː kipɨˀɨk	1	kipɨˈˀɨk	kipɨˀɨk			poˀoki					
68	pəˀəka	pɨkaˀha͜i, pipiˀikhai	2	pɨkaˀha͜i , pipiˀikhai				poˀoki				nicht ɨ	
68	ki·pəkana	kipəˈkan, pəˈkan; Nː pəkan, pəkãn	1	kipəˈkan , pəˈkan	pəkan , pəkãn								
68	ki·pəkana	pəkanhai	2	pəkanhai									
69	epia	ˈpiː,ˈpiy	1	ˈpiː,ˈpiy									
69	epia	piˈyaˀ	2	piˈyaˀ									
69	ˀa·píaha	ˀapiˈah	1	ˀapiˈah									
69	ki·piáka	kipiˈak	1	kipiˈak									
69	ki·pĩxĩ (memeras)	pĩh, kaˈmĩh; Nː pĩh, kahmih	1	pĩh , kaˈmĩh	pĩh , kahmih				memeras				
69	ki·pĩxĩ (memeras)	pĩhhai	2	pĩhhai					memeras				
69	ki·pĩxĩ (?) (memijit)	kahˈmiç, diˈpiç, pĩh; (Nː ? pĩç, kahmiç)	1	kahˈmiç , diˈpiç , pĩh	(? pĩç , kahmiç)				Is the Enggano form for memijit here the same with memeras, from the style and spacing given by Schmidt??				
69	ki·pĩxĩ (?) (memijit)	piçhai	2	piçhai					Is the Enggano form for memijit here the same with memeras, from the style and spacing given by Schmidt??				
69	epixo	piç, eˈpih; Nː ˀɛpih	1	piç , eˈpih	ˀɛpih								
69	buih kayu	piçˈku	1	piçˈku									
69	kiˀa·pĩkã	kiˀãˈpĩk	1	kiˀãˈpĩk									
69	ka·pĩnĩ	ˀaˈpiːn, ˀaˈpĩn, kahˈpĩn	1	ˀaˈpiːn , ˀaˈpĩn , kahˈpĩn									
69	ka·pĩnĩ	Nː apinhai	2		apinhai								
69	eĩpĩnĩ	yĩˈpĩn	1	yĩˈpĩn									
69	ki·pitaya	piˈta͜i, kipiˈta͜i	1	piˈta͜i , kipiˈta͜i									
69	epō	pɔː	1	pɔː									
69	kelapa saya	pɔˀ	1	pɔˀ									
69	eˀā upō	yaˀˈpɔː, eaˀˈpɔ	1	yaˀˈpɔː , eaˀˈpɔ									
69	kapõ·pō̃	pɔˈpə̃; Nː kapə̃pə̃	1	pɔˈpə̃	kapə̃pə̃								
69	kipapõpō̃ ebaka	papœ̃ˈpœ̃, pɔpœ̃ˈpœ̃; (Nː ? papə̃pə̃)	1	papœ̃ˈpœ̃ , pɔpœ̃ˈpœ̃	(? papə̃pə̃)								
69	poˀa	Nː pɔˀ	1		pɔˀ								
69	poˀa	pɔˀhai	2	pɔˀhai									
69	ki·po[k]aráˀa	pɔˈraˀ, kahpraˈwaˀ; Nː pɔraˀ, kahprawaˀ	1	pɔˈraˀ , kahpraˈwaˀ	pɔraˀ , kahprawaˀ								
69	ki·po[k]aráˀa	pɔraˀha͜i (nicht prawaˀha͜i)	2	pɔraˀha͜i (nicht prawaˀha͜i)									
69	belah kelapa	pɔraˀ pɔː	1	pɔraˀ pɔː									
69	belah kayu	pɔraˀ kuː	1	pɔraˀ kuː									
69	poho	pɔh	1	pɔh									
69	ki·pohoyáˀa	piˈçaˀ; Nː piçaˀ, pihyaˀ	1	piˈçaˀ	piçaˀ , pihyaˀ								
69	ka·poi	kahˈpɔː	1	kahˈpɔː									
69	ka·poi	ˀaˈpɔha͜i	2	ˀaˈpɔha͜i									
69	ka·poko	kaˈpœk; Nː kapək	1	kaˈpœk	kapək	3							
69	epoko	pək, pœk; Nː pək	1	pək , pœk	pək	1							
69	ipoko	iˈpœk; (Nː ? ipək)	1	iˈpœk	(? ipək)								
69	celana dalam	°krawaˈpək	1	°krawaˈpək									
69	eo·poˀoki	yapəˈˀək, yapœˈˀœk	1	yapəˈˀək , yapœˈˀœk									
69	kaboˀoki	Nː kabəˀək	1		kabəˀək								
69	kaboˀoki	pəpəˀəkha͜i	2	pəpəˀəkha͜i									
69	epõˀõpãõ	pɔ̃ˀˈpã; Nː pɔ̃ˀpãˀ, pɔ̃pã, pɔ̃pə̃	1	pɔ̃ˀˈpã	pɔ̃ˀpãˀ , pɔ̃pã , pɔ̃pə̃								
69	ki·põpõã	Nː kipɔ̃pɔ̃	1		kipɔ̃pɔ̃								
70	ka·pũkĩ	kahˈpũk	1	kahˈpũk									
70	ka·pũkĩ	Nː ˀapũkha͜i	2		ˀapũkha͜i								
70	epoporō	pɔˈrɔː	1	pɔˈrɔː									
70	bohonglah	Nː pɔpɔrɔhai	1		pɔpɔrɔhai								
70	eporoˀo͜ipo	prɔˈˀɔp	1	prɔˈˀɔp									
70	eporoˀo͜ipo	prɔˀɔpˈyaˀ, prɔˀɔpiˈyaˀ	2	prɔˀɔpˈyaˀ , prɔˀɔpiˈyaˀ									
70	pua	puː	1	puː									
70	pua	Nː puːhai	2		puːhai								
70	ka·puˀa	kaˈpuˀ	1	kaˈpuˀ									
70	epũˀã	pəˀ, pə̃ˀ, pɨ̃ˀ, pɨ̃ːˀ, pœ̃ˀ; Nː pɨˀ, pɨ̃ˀ	1	pəˀ , pə̃ˀ , pɨ̃ˀ , pɨ̃ːˀ , pœ̃ˀ	pɨˀ , pɨ̃ˀ								
70	puˀeˀe͜i	puˈˀɛˀ	1	puˈˀɛˀ									
70	puˀeˀe͜i	puˈˀɛˀha͜i	2	puˈˀɛˀha͜i									
70	epũhã	pũh	1	pũh		2							
70	epũhã ukuo	pũh ku	1	pũh ku									
70	epũhã ūba	pũh yub	1	pũh yub									
70	ka·puho	kaˈpuh	1	kaˈpuh									
70	sakitlah	Nː apuh	1		apuh								
70	eitapuho	yataˈpuh	1	yataˈpuh									
70	sakit paru²	kapuhˈbɔb	1	kapuhˈbɔb									
70	sakit kepala saya	kaˈpuh yuˈruˀ	1	kaˈpuh yuˈruˀ									
70	pukai	puˈka	1	puˈka									
70	epuko	puk	1	puk									
70	epuko	puˈkɨˀ, puˈkəˀ	2	puˈkɨˀ , puˈkəˀ									
70	epuku uhanũˀũã	pukhãˈnũˀ; Nː pũkhãnũˀ, pũxãnũˀ	1	pukhãˈnũˀ	pũkhãnũˀ , pũxãnũˀ								
70	epuku uhanũˀũã	pukhãnˈwãˀ, pukhãnũˈˀũˀ, pũxãnwãˀ	2	pukhãnˈwãˀ , pukhãnũˈˀũˀ , pũxãnwãˀ									
70	epue	pu	1	pu				epuo					
70	epue	ˈpuɛˀ, puˈɛˀ	2	ˈpuɛˀ , puˈɛˀ				epuo					
70	eheda upue (kamu)	hɛrpuˈɛb	1	hɛrpuˈɛb									
70	euru upue (kamu)	yurpuˈɛb	1	yurpuˈɛb									
70	eu·puˀo	yiːp	1	yiːp									
70	epuradi	puˈrad	1	puˈrad									
70	ki·purika	kipuˈrik	1	kipuˈrik									
70	ki·purika	puˈrikha͜i; Nː purik	2	puˈrikha͜i	purik								
70	puru (rebus)	pur	1	pur									
70	kipadudu	kipaˈpur	1	kipaˈpur									
70	kipadudu	Nː papurha͜i	2		papurha͜i								
70	kipahapudúaˀa	papuˈraˀ, pahpuˈraˀ	1	papuˈraˀ , pahpuˈraˀ									
70	kipahapudúaˀa	Nː papuraˀhai	2		papuraˀhai								
70	edipudu uˀue	diˈpur diˀuˀˈyuː	1	diˈpur diˀuˀˈyuː									
70	epurudui	Nː pruˈruː, bruruˀ	1		pruˈruː , bruruˀ								
70	epurudui	puruˈruˀ	2	puruˈruˀ									
70	epurudui ūru	pururuˈyur, pruruˈyur	1	pururuˈyur , pruruˈyur									
71	epurúhui	puˈruh	1	puˈruh									
71	kaha·puˀu	kahˈpuˀ	1	kahˈpuˀ									
71	epũˀũ	puˀ	1	puˀ									
71	epũˀũ u[ˀ]abeha	puˀaˈbɛh	1	puˀaˈbɛh									
71	seruas bambu	kaha͜eˀˈpuˀ	1	kaha͜eˀˈpuˀ									
71	epũˀũ uae	Nː puˀea	1		puˀea								
71	ki·puˀuda	puˈˀud̚; Nː puˀur, puˀud	1	puˈˀud̚	puˀur , puˀud								
71	ki·puˀuda	uˀurhai	2	uˀurhai									
71	kipa·raha͜u	kipaˈrah	1	kipaˈrah									
71	kipa·raha͜u	Nː paraxhai	2		paraxhai								
71	kipa·rahəaha͜i	kiparahəˈah, parahəˈah	1	kiparahəˈah , parahəˈah									
71	kipa·rahəaha͜i	paraˈhəaha͜i, parahəˈahha͜i	2	paraˈhəaha͜i , parahəˈahha͜i									
71	pertunangan	ˀeaparaˈhəah	1	ˀeaparaˈhəah								Betonung?, ɛ?	
71	kipa·rixopi	p(a)riˈhəp; Nː parihəphai	1	p(a)riˈhəp	parihəphai								
71	ka·ripo[ripo]	Nː kariprip	1		kariprip								
71	ka·rō	kaˈrɔː	1	kaˈrɔː									
71	earō	yɔˈrɔˀ	1	yɔˈrɔˀ					?				
71	ˀa·rua	ˈaruː	1	ˈaruː								??	
71	kedua kali	kaˀaˈruː hiˈnuː	1	kaˀaˈruː hiˈnuː									
71	kipa·rudúˀui	kiːpruˈruˀ, ruˈruˀ	1	kiːpruˈruˀ , ruˈruˀ									
71	kipa·rupei	păruˈpɛː, pruˈpɛ	1	păruˈpɛː , pruˈpɛ									
71	kipa·rupei	Nː parupɛhai	2		parupɛhai								
71	kiparupeiaˀa	parpuyaˀ	1	parpuyaˀ									
71	kiparupeiaˀa	parupɛˈyaˀha͜i; Nː parpuyaˀhai	2	parupɛˈyaˀha͜i	parpuyaˀhai								
71	etakaː kaha͜iˀi etaka	kaha͜eˀˈtak	1	kaha͜eˀˈtak								ɛ?	
71	i·tebe	tɛb̚	1	tɛb̚									
71	i·topo	ˀiˈtɔp̚	1	ˀiˈtɔp̚									
71	ki·ˀū̃	Nː ũː	1		ũː								
71	ˀua	ˀu	1	ˀu		1							
71	saya sendiri	ˀukaˈhaeˀ; Nː u-kahaiˀ	1	ˀukaˈhaeˀ	u-kahaiˀ								
71	saya harus pergi	ˀuːkaˈhai	1	ˀuːkaˈhai									
71	ki·ˀua	kiˈˀuː, kahˈˀuː, kahəˈˀuː	1	kiˈˀuː , kahˈˀuː , kahəˈˀuː		2							
71	ki·ˀua	Nː ˀuha͜i	2		ˀuha͜i								
71	e·ũˀã	yɨ̃ˀ	1	yɨ̃ˀ									
71	euba	yub	1	yub									
71	euba ukẽˀẽpã	yub kɛˈˀɛp	1	yub kɛˈˀɛp									
71	eubaˀa͜u	yuˈbaˀ, yuˈbœˀ	1	yuˈbaˀ , yuˈbœˀ									
71	rumahnya besar	yubdiˀaˈmũh	1	yubdiˀaˈmũh									
71	epũhã ūba	pũhˈyub	1	pũhˈyub									
71	sarung pisau	yub ɛˈˀaː	1	yub ɛˈˀaː									
71	sepatu	Nː yubwa	1		yubwa								
72	rumah sirih	yub kiˈdiː	1	yub kiˈdiː									
72	eakaruba	bakaˈrub	1	bakaˈrub									
72	ixō ūba	ihɔˈyup	1	ihɔˈyup									
72	epẽã ūba	pɛ̃ˈyub, pɛ̃iˈyub	1	pɛ̃ˈyub , pɛ̃iˈyub									
72	di dalam rumah itu	iˈpœk yubˈˀan	1	iˈpœk yubˈˀan						yumbˈˀan			
72	euba ukixo	yubˈkih	1	yubˈkih									
72	dinding rumah	yũˈkũˀ yub	1	yũˈkũˀ yub									
72	rumah sirih	yub kiˈdiː	2	yub kiˈdiː									
72	belakang rumah	kəˈˀək yub	1	kəˈˀək yub									
72	di belakang rumah	kaˈhaː yub	1	kaˈhaː yub									
72	k[i]·ubai	kaˀkubaˈyaː	1	kaˀkubaˈyaː									
72	k[i]·ubai	Nː ˀaˀkubayahai	2		ˀaˀkubayahai								
72	°eˀubéˀe	°kahˀubɛˀ	1	°kahˀubɛˀ									
72	°eˀubéˀe	°ahˀubɛˀhai	2	°ahˀubɛˀhai									
72	ka·ˀuda͜ixo	kaˀdah, kaˀdaɛh, kaˀdaəh	1	kaˀdah , kaˀdaɛh , kaˀdaəh								ohne	
72	rambutnya putih	pururuˈyur kaˀˈdad̚	1	pururuˈyur kaˀˈdad̚									
72	ebō kaˀuda͜ixo	bœ kaˀbaˈriː	1	bœ kaˀbaˈriː									
72	eˀudopo	ˀuˈdəp	1	ˀuˈdəp									
72	ekũkã uˀudopo	kuk uˈdop	1	kuk uˈdop									
72	eˀue	yuː	1	yuː									
72	enãnā̃ uˀue	naːˈˀyu	1	naːˈˀyu									
72	edipudu uˀue	diˈpur diˀuˀˈyuː	1	diˈpur diˀuˀˈyuː									
72	di tengah laut	yũˀũː haˈˀa͜u	1	yũˀũː haˈˀa͜u									
72	arus laut	kaˀˈdœr yu	1	kaˀˈdœr yu									
72	laut jahat	yu kaˀˈdœr	1	yu kaˀˈdœr									
72	pasang naik	yuˀaˈmũh	1	yuˀaˈmũh									
72	laut sedang naik	yuː kimũhmãˀˈmũh	1	yuː kimũhmãˀˈmũh									
72	laut mau pasang	yuː kiˈmũh kɨˈhɨd	1	yuː kiˈmũh kɨˈhɨd									
72	laut besar	yuː hɔkɨˈhɨd	1	yuː hɔkɨˈhɨd									
72	laut kering	yuː kaˈˀek, yuː hɔbaˈˀək, yukaˈˀœk	1	yuː kaˈˀek , yuː hɔbaˈˀək , yukaˈˀœk									
72	pasang turun (mau kering)	yuː kiˈmũh baˈˀek	1	yuː kiˈmũh baˈˀek									
72	eˀuki	Nː yuk, iyuk	1		yuk , iyuk			eˀudi					
72	eˀuki	yukiˀ, iyukuˀ	2	yukiˀ , iyukuˀ									
72	euku	yuk	1	yuk									
72	euku	yukuˀ	2	yukuˀ									
72	eũkũ	yũk	1	yũk									
72	eũkũ	yũkũˀ	2	yũkũˀ									
72	-lah	ũkhai	1	ũkhai									
72	eũkũnã	yũˈkũn	1	yũˈkũn									
73	ũmãhã́ũ	maˈhaː	1	maˈhaː									
73	eukuripo	eakuˈrib	1	eakuˈrib									
73	eũmõ	yum; Nː yũm	1	yum	yũm								
73	eũmõ	yũmũˀ, yumũˀ	2	yũmũˀ , yumũˀ									
73	kaha·ˀunẽ́ˀẽ͜ĩ	kahˀuˈnɛˀ, kaˀuˈnɛˀ, ka[h]ˀuˈnɛˀ; Nː kahˀunɛˀ	1	kahˀuˈnɛˀ , kaˀuˈnɛˀ , ka[h]ˀuˈnɛˀ	kahˀunɛˀ								
73	kaha·ˀunẽ́ˀẽ͜ĩ	ˀuˈnɛˀha͜i, ˀunɛˀhai	2	ˀuˈnɛˀha͜i , ˀunɛˀhai									
73	e[ˀ]ũnẽkẽ	Nː unɛk	1		unɛk								
73	eũnū̃	yuˈnũː; Nː yunu	1	yuˈnũː	yunu				BV				
73	eũnū̃	yũnũˈˀũ, yunuˀ	2	yũnũˈˀũ , yunuˀ					BV				
73	eˀũnũˀũnũ	ˀanˈˀun, ˀanũˈˀũn; Nː ˀãnˀũn, ãnˀũn, anuˀũn	1	ˀanˈˀun , ˀanũˈˀũn	ˀãnˀũn , ãnˀũn , anuˀũn								
73	ki·	Nː kuɛh, ukuˀwɛh, kuˀɛh	1		kuɛh , ukuˀwɛh , kuˀɛh			kuˀúoho					
73	ki·	ku͜ɛhhai, kuʷɛhhai	2	ku͜ɛhhai , kuʷɛhhai				kuˀúoho					
73	kipa[ha]ˀúoho	kipahwɛh, paˀwɛh	1	kipahwɛh , paˀwɛh									
73	kipa[ha]ˀúoho	paˀwɛhhai	2	paˀwɛhhai									
73	k·upo	kub̚, kup	1	kub̚ , kup									
73	hō bupo	hɔɓup	1	hɔɓup									
73	euru	yur, eˈyur	1	yur , eˈyur				eudu					
73	kepala saya	yuˈruˀ	1	yuˈruˀ									
73	kepala kamu	yuˈrub	1	yuˈrub									
73	kepala kontol	yurpuˈɛb	1	yurpuˈɛb									
73	kepala adat	yur °ˀaˈda͜eˀ, kãp	1	yur °ˀaˈda͜eˀ , kãp									
73	kepala dia bulat	yuˈrub kabuˈbu	1	yuˈrub kabuˈbu									
73	eˀā ūru	yaˈur, eaˈur, ɛaˈur, ˀɛaˈur	1	yaˈur , eaˈur , ɛaˈur , ˀɛaˈur									
73	tutup kepala	Nː yɔ̃kɔ̃pyur	1		yɔ̃kɔ̃pyur								
73	ubun² (kamu?)	kipɔ̃ˈãh yuˈrub	1	kipɔ̃ˈãh yuˈrub									
73	sakit kepala (saya?)	kaˈpuh yuˈruˀ	1	kaˈpuh yuˈruˀ									
73	epurudui ūdu	pururuˈyur, pruruˈyur	1	pururuˈyur , pruruˈyur									
73	eurua	yuˈruː	1	yuˈruː									
73	kaˀi·ˀuru	kaˀˈyur	1	kaˀˈyur									
73	kaˀi·ˀuru	Nː aˀyurhai	2		aˀyurhai								
73	eũˀũ	eˈyũˀ, yũˀ, ˀyũˀ, ˀiˈyũˀ; Nː yũˀ	1	eˈyũˀ , yũˀ , ˀyũˀ , ˀiˈyũˀ	yũˀ								
73	eũˀũ	yũˈˀũˀ, yũˀuˀ	2	yũˈˀũˀ , yũˀuˀ									
73	kahã͜ũ ͡   ũ	kaːˈˀyũˀ, kahaˀiˈyũˀ, kahaˀiˈũˀ, kahaˈˀyũˀ; Nː kahaˀiũˀ, kahaɛˀyũˀ, kahaˀiuˀ	1	kaːˈˀyũˀ , kahaˀiˈyũˀ , kahaˀiˈũˀ , kahaˈˀyũˀ	kahaˀiũˀ , kahaɛˀyũˀ , kahaˀiuˀ								
73	eũˀū̃	yũˈˀũː	1	yũˈˀũː									
73	di tengah laut	yũˈˀũ haˈˀa͜u	1	yũˈˀũ haˈˀa͜u									
73	ka·ˀuˀua	kaˈˀuː	1	kaˈˀuː									
73	hɔ baˀuˀua·ra	hɔbaˀˈwar	1	hɔbaˀˈwar									
73	kipaˀuˀua	Nː pɛyaˀuː	1		pɛyaˀuː								
73	kipaˀuˀua	pɛyaˀuhai	2	pɛyaˀuhai									
73	ka·ˀũˀũĩ	kaˈˀũ	1	kaˈˀũ									
74	yahae i-ː kipē yahae	pɛˈyah, kipɛˈyah	1	pɛˈyah , kipɛˈyah									
74	masuk ke dalam	kuyahˈpək	1	kuyahˈpək									
74	dari kaˀan ke Malakoni	kur kaˈˀãn yah maŋˈkɔ̃n	1	kur kaˈˀãn yah maŋˈkɔ̃n									
74	terjun ke air	tɔˈbaˀ hɛˈbœ	1	tɔˈbaˀ hɛˈbœ									
74	yáraˀa	yar	1	yar									
74	ka·yayā	kayaˀˈyaː	1	kayaˀˈyaː									
